"frequency","CURRENT_concept","NEW_concept","CURRENT_metaOntology","NEW_metaOntology","CURRENT_metaType","NEW_metaType"
"20","president",,"UNKNOWN",,,
"3","plastic",,"unknown",,,
"1","advocacy",,"UNKNOWN",,,
"1","augment",,"task",,,
"1","iyong",,"UNKNOWN",,,
"1","binibigay",,"UNKNOWN",,,
"1","roll",,"UNKNOWN",,,
"1","detrimental",,"UNKNOWN",,,
"3","materials",,"unknown",,,
"2","gloria",,"UNKNOWN",,,
"1","event",,"unknown",,,
"3","movement",,"UNKNOWN",,,
"1","role",,"UNKNOWN",,,
"1","cage",,"unknown",,,
"3","nga",,"UNKNOWN",,,
"3","marie",,"UNKNOWN",,,
"4","fes",,"UNKNOWN",,,
"2","essential",,"UNKNOWN",,,
"1","asset",,"unknown",,,
"1","gasoline",,"unknown",,,
"2","llandelar",,"UNKNOWN",,,
"20","told",,"task",,,
"2","answer",,"unknown",,,
"1","lumalabas",,"unknown",,,
"1","mage",,"UNKNOWN",,,
"1","shorelines",,"unknown",,,
"2","regard",,"unknown",,,
"4","meet",,"unknown",,,
"1","toll",,"unknown",,,
"1","naghahanda",,"UNKNOWN",,,
"2","touch",,"UNKNOWN",,,
"25","authorities",,"unknown",,,
"2","exacerbate",,"UNKNOWN",,,
"3","quality",,"unknown",,,
"1","components",,"unknown",,,
"1","mobilization",,"unknown",,,
"25","disast",,"agent",,,
"515","manila_bay_oil_spill_contingency_plan",,"agent",,,
"8","monsoon",,"UNKNOWN",,,
"1","situational",,"unknown",,,
"2","dissipate",,"task",,,
"1","sanctuary",,"UNKNOWN",,,
"1","john",,"agent",,,
"1","greg",,"UNKNOWN",,,
"1","commerci",,"UNKNOWN",,,
"2","biggest",,"unknown",,,
"1","caretakers",,"unknown",,,
"5","net",,"UNKNOWN",,,
"2","mirola",,"UNKNOWN",,,
"4","relief",,"unknown",,,
"1","inquiry",,"UNKNOWN",,,
"1","guidelines",,"unknown",,,
"1","preventive",,"UNKNOWN",,,
"3","trias",,"UNKNOWN",,,
"1","cavites",,"UNKNOWN",,,
"4","mention",,"UNKNOWN",,,
"6","contaminants",,"UNKNOWN",,,
"5","loyzaga",,"UNKNOWN",,,
"1","kadiwa",,"UNKNOWN",,,
"1","hangin",,"unknown",,,
"4","experts",,"unknown",,,
"1","formally",,"unknown",,,
"12","newslett",,"UNKNOWN",,,
"4","markets",,"UNKNOWN",,,
"1","illegal",,"unknown",,,
"1","drainage",,"UNKNOWN",,,
"2","velayo_jr",,"agent",,,
"1","play_on",,"UNKNOWN",,,
"1","hazard",,"UNKNOWN",,,
"3","suffer",,"task",,,
"1","bilyon",,"unknown",,,
"1","pinasok",,"UNKNOWN",,,
"1","capacity-build",,"UNKNOWN",,,
"1","solar",,"UNKNOWN",,,
"3","journalists",,"UNKNOWN",,,
"1","labor",,"agent",,,
"2","bureaus",,"unknown",,,
"1","analyze",,"task",,,
"1","spill-hit",,"unknown",,,
"1","advocates",,"unknown",,,
"2","expertise",,"unknown",,,
"2","ports",,"unknown",,,
"7","red",,"unknown",,,
"35","days",,"unknown",,,
"2","peoples",,"unknown",,,
"1","philippine_satellite_agency",,"organization",,,
"1","tumulong",,"unknown",,,
"2","advice",,"unknown",,,
"3","of_course",,"UNKNOWN",,,
"2","sampl",,"unknown",,,
"10","zone",,"unknown",,,
"1","ensu",,"UNKNOWN",,,
"2","suspend",,"unknown",,,
"10","resources",,"unknown",,,
"3","ncr",,"UNKNOWN",,,
"3","change",,"UNKNOWN",,,
"2","drop",,"task",,,
"17","consumption",,"unknown",,,
"1","regulations",,"UNKNOWN",,,
"12","lead",,"UNKNOWN",,,
"2","hanggang",,"UNKNOWN",,,
"1","kong",,"UNKNOWN",,,
"3","capital",,"UNKNOWN",,,
"2","expenses",,"UNKNOWN",,,
"2","cabe",,"UNKNOWN",,,
"2","medical",,"UNKNOWN",,,
"2","mussel",,"unknown",,,
"21","personnel",,"UNKNOWN",,,
"1","description",,"unknown",,,
"1","aquaculture",,"unknown",,,
"2","jam",,"UNKNOWN",,,
"1","mag-panic",,"UNKNOWN",,,
"3","tons",,"unknown",,,
"20","salvage",,"unknown",,,
"2","alongside",,"unknown",,,
"3","call_for",,"UNKNOWN",,,
"1","involves",,"task",,,
"3","watch",,"UNKNOWN",,,
"2","yesterday",,"UNKNOWN",,,
"3","canvas",,"UNKNOWN",,,
"1","advises",,"task",,,
"1","label",,"UNKNOWN",,,
"1","sluggish",,"UNKNOWN",,,
"1","criticism",,"unknown",,,
"9","country",,"unknown",,,
"1","mabigat",,"unknown",,,
"1","ilalim",,"UNKNOWN",,,
"46","leak",,"UNKNOWN",,,
"2","leav",,"UNKNOWN",,,
"2","readies",,"UNKNOWN",,,
"51","areas",,"unknown",,,
"1","make",,"UNKNOWN",,,
"1","roll-off",,"UNKNOWN",,,
"3","span",,"unknown",,,
"3","update",,"unknown",,,
"1","cumulative",,"UNKNOWN",,,
"23","justice",,"UNKNOWN",,,
"1","displac",,"UNKNOWN",,,
"1","coasts",,"unknown",,,
"5","identifi",,"agent",,,
"1","scientists",,"UNKNOWN",,,
"1","matanggal",,"unknown",,,
"1","harbor_bulk_terminal_corp",,"organization",,,
"5","dilg",,"UNKNOWN",,,
"2","complaints",,"unknown",,,
"3","business",,"unknown",,,
"4","depots",,"unknown",,,
"2","completely",,"unknown",,,
"17","declar",,"unknown",,,
"1","22-year-old",,"unknown",,,
"1","lament",,"unknown",,,
"120","fuel",,"unknown",,,
"1","graduat",,"UNKNOWN",,,
"1","locus",,"UNKNOWN",,,
"2","seaboards",,"UNKNOWN",,,
"1","maram",,"UNKNOWN",,,
"1","population",,"UNKNOWN",,,
"2","updates",,"unknown",,,
"1","noticeable",,"UNKNOWN",,,
"2","estimates",,"unknown",,,
"1","interventions",,"unknown",,,
"3","manag",,"unknown",,,
"6","quezon",,"UNKNOWN",,,
"1","congressional",,"UNKNOWN",,,
"1","layer",,"UNKNOWN",,,
"1","optimistically",,"UNKNOWN",,,
"1","laboratory",,"UNKNOWN",,,
"1","minimize",,"task",,,
"1","denrs",,"unknown",,,
"1","heavier",,"UNKNOWN",,,
"2","securely",,"UNKNOWN",,,
"5","nbi",,"UNKNOWN",,,
"3","main",,"UNKNOWN",,,
"1","outcomes",,"UNKNOWN",,,
"1","entire",,"unknown",,,
"3","kagaya_ng_sinabi_ni",,"agent",,,
"8","inside",,"UNKNOWN",,,
"1","mahalagang",,"UNKNOWN",,,
"1","venture",,"UNKNOWN",,,
"1","nat",,"UNKNOWN",,,
"13","assessment",,"UNKNOWN",,,
"1","albeit",,"UNKNOWN",,,
"1","mailabas",,"unknown",,,
"1","take_five",,"UNKNOWN",,,
"4","cavite_city",,"location",,,
"2","jobs",,"unknown",,,
"3","lower",,"task",,,
"2","diverse",,"UNKNOWN",,,
"2","liability",,"unknown",,,
"1","washington-bas",,"UNKNOWN",,,
"1","aries",,"UNKNOWN",,,
"1","absorption",,"UNKNOWN",,,
"18","help",,"unknown",,,
"1","interagency",,"UNKNOWN",,,
"1","village",,"unknown",,,
"1","norm",,"UNKNOWN",,,
"1","support—the",,"UNKNOWN",,,
"4","social",,"UNKNOWN",,,
"1","carries",,"UNKNOWN",,,
"39","report",,"UNKNOWN",,,
"1","presbitero",,"UNKNOWN",,,
"10","local_government",,"organization",,,
"2","capability",,"unknown",,,
"1","odor",,"unknown",,,
"2","basta",,"unknown",,,
"6","support",,"unknown",,,
"27","manila_bay",,"location",,,
"1","puerto_galera",,"agent",,,
"1","tumalon",,"UNKNOWN",,,
"23","health",,"agent",,,
"1","tayong",,"unknown",,,
"1","ganun",,"unknown",,,
"4","p350",,"UNKNOWN",,,
"1","p351",,"UNKNOWN",,,
"1","regain",,"unknown",,,
"2","rosa",,"UNKNOWN",,,
"4","arriv",,"UNKNOWN",,,
"2","antique",,"UNKNOWN",,,
"14","rescu",,"UNKNOWN",,,
"2","roro",,"UNKNOWN",,,
"1","mandate",,"unknown",,,
"12","assistance",,"unknown",,,
"1","pagpapasya",,"unknown",,,
"1","easily",,"unknown",,,
"1","thought",,"task",,,
"1","express",,"unknown",,,
"2","space",,"agent",,,
"2","build",,"UNKNOWN",,,
"3","seepage",,"UNKNOWN",,,
"1","manuel_lukban_jr",,"agent",,,
"1","distance",,"UNKNOWN",,,
"3","tests",,"unknown",,,
"12","philippine",,"UNKNOWN",,,
"1","mangos",,"UNKNOWN",,,
"1","fast-track",,"task",,,
"1","panibagong",,"UNKNOWN",,,
"1","angelina",,"agent",,,
"1","mandato",,"unknown",,,
"1","note",,"UNKNOWN",,,
"26","water",,"UNKNOWN",,,
"5","held",,"task",,,
"19","rappler",,"UNKNOWN",,,
"1","magkakadikit",,"UNKNOWN",,,
"6","officials",,"agent",,,
"3","pollution",,"UNKNOWN",,,
"1","wound_up",,"UNKNOWN",,,
"3","unknown",,"UNKNOWN",,,
"2","seizure",,"UNKNOWN",,,
"1","parehong",,"UNKNOWN",,,
"1","p363",,"UNKNOWN",,,
"1","empti",,"UNKNOWN",,,
"1","offic",,"unknown",,,
"3","square",,"UNKNOWN",,,
"32","smuggl",,"unknown",,,
"3","literally",,"UNKNOWN",,,
"1","initiatives",,"UNKNOWN",,,
"3","sludge",,"unknown",,,
"4","reclamations",,"unknown",,,
"1","mess",,"unknown",,,
"2","chemicals",,"UNKNOWN",,,
"2","post-harvest",,"UNKNOWN",,,
"1","rare",,"UNKNOWN",,,
"1","uneatable",,"task",,,
"4","isda",,"unknown",,,
"5","action",,"UNKNOWN",,,
"2","petrochemicals",,"unknown",,,
"1","landfall",,"UNKNOWN",,,
"1","ibang",,"unknown",,,
"9","hindi",,"UNKNOWN",,,
"4","hire",,"UNKNOWN",,,
"2","officer-in-charge",,"UNKNOWN",,,
"4","joint",,"unknown",,,
"4","joins",,"task",,,
"2","liter",,"UNKNOWN",,,
"2","clothes",,"unknown",,,
"18","contract",,"unknown",,,
"1","easier",,"unknown",,,
"1","nakaraang",,"UNKNOWN",,,
"2","consumers",,"UNKNOWN",,,
"1","jefferson",,"UNKNOWN",,,
"30","damage",,"UNKNOWN",,,
"1","castro",,"UNKNOWN",,,
"1","youngbean",,"UNKNOWN",,,
"2","mula",,"unknown",,,
"1","kinabukasan",,"unknown",,,
"1","struggle_with",,"UNKNOWN",,,
"1","appli",,"UNKNOWN",,,
"3","ingestion",,"unknown",,,
"1","take_it",,"UNKNOWN",,,
"1","restore",,"UNKNOWN",,,
"1","reynaldo",,"UNKNOWN",,,
"2","nakita",,"unknown",,,
"1","mere",,"unknown",,,
"1","permits",,"UNKNOWN",,,
"2","util",,"UNKNOWN",,,
"10","tanks",,"unknown",,,
"1","chairman",,"UNKNOWN",,,
"2","coral",,"unknown",,,
"1","pandoras",,"UNKNOWN",,,
"3","pesos",,"unknown",,,
"1","security",,"unknown",,,
"4","northeast",,"UNKNOWN",,,
"3","terranovas",,"UNKNOWN",,,
"6","super",,"unknown",,,
"1","distribute",,"UNKNOWN",,,
"4","langis",,"UNKNOWN",,,
"6","rate",,"UNKNOWN",,,
"1","coming_out",,"UNKNOWN",,,
"1","allows",,"UNKNOWN",,,
"6","tolentino",,"UNKNOWN",,,
"1","anticipatory",,"unknown",,,
"1","frances",,"UNKNOWN",,,
"7","shoreline",,"unknown",,,
"2","develop",,"task",,,
"2","pwedeng",,"unknown",,,
"6","major",,"UNKNOWN",,,
"6","dito",,"unknown",,,
"2","angelo",,"UNKNOWN",,,
"2","makaapekto",,"UNKNOWN",,,
"2","dive",,"unknown",,,
"2","produc",,"UNKNOWN",,,
"3","spokesman",,"UNKNOWN",,,
"1","offer",,"task",,,
"1","instrument",,"unknown",,,
"1","underscor",,"UNKNOWN",,,
"18","daily",,"UNKNOWN",,,
"1","torrential",,"UNKNOWN",,,
"7","rin",,"unknown",,,
"1","muna",,"unknown",,,
"1","joet",,"agent",,,
"4","evade",,"UNKNOWN",,,
"6","biaan",,"UNKNOWN",,,
"3","implementation",,"UNKNOWN",,,
"1","lorie",,"UNKNOWN",,,
"1","convulsions",,"UNKNOWN",,,
"24","spread",,"UNKNOWN",,,
"1","nalaman",,"unknown",,,
"2","appear",,"task",,,
"1","merkado",,"UNKNOWN",,,
"3","maintain",,"task",,,
"7","ito",,"unknown",,,
"1","dini-discount",,"UNKNOWN",,,
"7","flow",,"unknown",,,
"1","production",,"unknown",,,
"2","stretches",,"unknown",,,
"1","temperature",,"UNKNOWN",,,
"1","dino_chua",,"agent",,,
"1","taking_in",,"UNKNOWN",,,
"2","hasten",,"UNKNOWN",,,
"4","bacosa",,"UNKNOWN",,,
"1","basically",,"UNKNOWN",,,
"1","tungkol",,"UNKNOWN",,,
"4","press_conference",,"UNKNOWN",,,
"8","central_luzon_spokesperson",,"agent",,,
"2","drink",,"unknown",,,
"3","comprehensive",,"UNKNOWN",,,
"2","richard",,"UNKNOWN",,,
"10","year",,"UNKNOWN",,,
"1","nandun",,"unknown",,,
"4","signs",,"unknown",,,
"8","charter",,"agent",,,
"1","ibibigay",,"task",,,
"1","oil_spill_response_team",,"organization",,,
"1","nakipag-ugnayan",,"UNKNOWN",,,
"2","teams",,"unknown",,,
"1","observed",,"UNKNOWN",,,
"11","system",,"unknown",,,
"2","commence",,"task",,,
"1","pahahabain",,"unknown",,,
"3","wilfredo_cruz",,"agent",,,
"1","innocence",,"unknown",,,
"3","make_sure",,"UNKNOWN",,,
"1","dangers",,"UNKNOWN",,,
"1","posit",,"unknown",,,
"21","nautical",,"UNKNOWN",,,
"1","endang",,"UNKNOWN",,,
"1","65-percent",,"UNKNOWN",,,
"1","buddy",,"agent",,,
"1","patrol",,"UNKNOWN",,,
"1","iloilo_city",,"location",,,
"4","press",,"unknown",,,
"1","ituloy",,"agent",,,
"1","expensive",,"unknown",,,
"2","run",,"task",,,
"1","intensify",,"unknown",,,
"1","nagpapakampante",,"UNKNOWN",,,
"13","batangas",,"UNKNOWN",,,
"2","lakas",,"unknown",,,
"2","substance",,"UNKNOWN",,,
"1","slower",,"UNKNOWN",,,
"7","life",,"unknown",,,
"1","procedure",,"UNKNOWN",,,
"1","makapagbigay",,"unknown",,,
"1","abdominal",,"UNKNOWN",,,
"1","balingawan",,"UNKNOWN",,,
"1","bacoor",,"UNKNOWN",,,
"1","nag-umpisa",,"UNKNOWN",,,
"2","species",,"UNKNOWN",,,
"1","documents",,"unknown",,,
"1","buyers",,"UNKNOWN",,,
"4","liable",,"UNKNOWN",,,
"1","tidal",,"UNKNOWN",,,
"1","sustenance",,"UNKNOWN",,,
"1","young",,"agent",,,
"5","harbor_bulk_terminal_corporation",,"organization",,,
"1","ganitong",,"UNKNOWN",,,
"1","oppos",,"unknown",,,
"10","remain",,"task",,,
"1","retriev",,"task",,,
"1","decontamin",,"unknown",,,
"1","hakbangin",,"UNKNOWN",,,
"3","subsidies",,"unknown",,,
"2","senate_majority_leader_francis",,"organization",,,
"4","caretak",,"UNKNOWN",,,
"13","shores",,"UNKNOWN",,,
"1","rsj",,"UNKNOWN",,,
"1","—joviland",,"UNKNOWN",,,
"1","derek",,"UNKNOWN",,,
"2","emergency",,"unknown",,,
"1","leone-flag",,"agent",,,
"1","p83",,"task",,,
"1","decades",,"unknown",,,
"42","province",,"unknown",,,
"2","skimmer",,"UNKNOWN",,,
"6","demand",,"unknown",,,
"1","mobilize",,"UNKNOWN",,,
"43","bulacan",,"UNKNOWN",,,
"2","declaration",,"unknown",,,
"1","tupad",,"UNKNOWN",,,
"8","so_far",,"UNKNOWN",,,
"5","mouth",,"UNKNOWN",,,
"1","manageable",,"UNKNOWN",,,
"2","complacent",,"unknown",,,
"6","agriculture",,"UNKNOWN",,,
"2","p78",,"unknown",,,
"7","countrys",,"unknown",,,
"5","tourism",,"unknown",,,
"1","puwede",,"UNKNOWN",,,
"1","dennis",,"UNKNOWN",,,
"1","collaborate",,"task",,,
"1","extraction",,"UNKNOWN",,,
"3","shares",,"UNKNOWN",,,
"1","p70",,"unknown",,,
"2","devastation",,"UNKNOWN",,,
"1","magbibigay",,"unknown",,,
"12","email",,"UNKNOWN",,,
"1","turn_back",,"UNKNOWN",,,
"1","lamang",,"UNKNOWN",,,
"10","case",,"unknown",,,
"7","subsidiary",,"UNKNOWN",,,
"1","nakain",,"unknown",,,
"1","battles",,"unknown",,,
"8","early",,"agent",,,
"123","manila_bay_ay",,"agent",,,
"1","vari",,"unknown",,,
"1","attempt",,"unknown",,,
"2","legal",,"UNKNOWN",,,
"1","valid",,"UNKNOWN",,,
"13","insure",,"task",,,
"33","due_to",,"UNKNOWN",,,
"7","no-catch",,"unknown",,,
"1","dismissal",,"unknown",,,
"4","regions",,"agent",,,
"1","worsen",,"unknown",,,
"1","lian",,"UNKNOWN",,,
"1","p65",,"unknown",,,
"1","child",,"UNKNOWN",,,
"5","consum",,"UNKNOWN",,,
"1","continuously",,"unknown",,,
"2","pursue",,"task",,,
"26","unknown_group",,"unknown",,,
"1","performance",,"unknown",,,
"1","—giselle",,"UNKNOWN",,,
"1","vast",,"unknown",,,
"2","offload",,"task",,,
"1","isa",,"unknown",,,
"1","capsize",,"task",,,
"1","multipli",,"UNKNOWN",,,
"1","drill",,"unknown",,,
"1","wait-and-see",,"UNKNOWN",,,
"4","question",,"UNKNOWN",,,
"1","accidental",,"unknown",,,
"2","transparent",,"UNKNOWN",,,
"1","successive",,"unknown",,,
"1","cleanups",,"unknown",,,
"1","environmentalist",,"UNKNOWN",,,
"6","onboard",,"UNKNOWN",,,
"2","rdrrmc",,"UNKNOWN",,,
"3","vicente",,"unknown",,,
"3","forecast",,"UNKNOWN",,,
"5","strength",,"unknown",,,
"1","counter",,"task",,,
"2","recount",,"UNKNOWN",,,
"4","community",,"UNKNOWN",,,
"5","cappings",,"unknown",,,
"3","general",,"UNKNOWN",,,
"1","palaisdaan",,"unknown",,,
"3","representative",,"UNKNOWN",,,
"4","alarm",,"task",,,
"1","ipag-alala",,"UNKNOWN",,,
"27","caus",,"unknown",,,
"1","ferry",,"UNKNOWN",,,
"1","siguradong",,"unknown",,,
"2","trajectory",,"unknown",,,
"4","replac",,"task",,,
"1","device",,"UNKNOWN",,,
"8","investig",,"unknown",,,
"1","sail_into",,"UNKNOWN",,,
"1","historical",,"UNKNOWN",,,
"3","reduc",,"UNKNOWN",,,
"3","high",,"UNKNOWN",,,
"1","executives",,"unknown",,,
"2","celis",,"UNKNOWN",,,
"3","salvour",,"UNKNOWN",,,
"2","chua",,"UNKNOWN",,,
"3","surface",,"UNKNOWN",,,
"2","likewise",,"UNKNOWN",,,
"1","hydrograph",,"UNKNOWN",,,
"2","sad",,"unknown",,,
"1","residente",,"UNKNOWN",,,
"1","specially",,"UNKNOWN",,,
"1","p41",,"unknown",,,
"1","draw",,"task",,,
"1","samin",,"unknown",,,
"1","spawn",,"unknown",,,
"2","guards",,"UNKNOWN",,,
"1","drive",,"unknown",,,
"1","national_operation",,"agent",,,
"1","thus_far",,"UNKNOWN",,,
"1","mild",,"UNKNOWN",,,
"3","industry",,"UNKNOWN",,,
"4","sold",,"task",,,
"1","refraccion",,"UNKNOWN",,,
"4","continuous",,"UNKNOWN",,,
"6","troubl",,"UNKNOWN",,,
"4","describ",,"UNKNOWN",,,
"2","paid-up",,"unknown",,,
"2","noaa",,"organization",,,
"1","productive",,"unknown",,,
"2","blanco",,"UNKNOWN",,,
"3","national_bureau",,"organization",,,
"5","packs",,"UNKNOWN",,,
"1","solid",,"UNKNOWN",,,
"1","lifts",,"task",,,
"1","san",,"UNKNOWN",,,
"2","raffy",,"UNKNOWN",,,
"2","covers",,"UNKNOWN",,,
"1","grown",,"task",,,
"25","start",,"UNKNOWN",,,
"1","darat",,"UNKNOWN",,,
"1","kundi",,"UNKNOWN",,,
"9","years",,"unknown",,,
"1","coordinator",,"UNKNOWN",,,
"1","culture",,"unknown",,,
"23","residents",,"UNKNOWN",,,
"3","philippine-flag",,"unknown",,,
"3","gef-undp-pemsea",,"unknown",,,
"1","helena",,"UNKNOWN",,,
"2","operates",,"task",,,
"1","—mariel",,"UNKNOWN",,,
"1","slow_down",,"UNKNOWN",,,
"10","filipino",,"agent",,,
"1","nararanasan",,"UNKNOWN",,,
"2","resum",,"UNKNOWN",,,
"5","consid",,"UNKNOWN",,,
"5","maragondon",,"UNKNOWN",,,
"1","bathe",,"task",,,
"93","limay_vice",,"agent",,,
"1","pleas",,"UNKNOWN",,,
"1","maintains",,"task",,,
"1","mine",,"UNKNOWN",,,
"2","pangalawang",,"UNKNOWN",,,
"1","district",,"UNKNOWN",,,
"1","smother",,"UNKNOWN",,,
"2","end",,"UNKNOWN",,,
"1","abs-cbn",,"UNKNOWN",,,
"1","reposit",,"UNKNOWN",,,
"1","slowly",,"UNKNOWN",,,
"1","30-member",,"UNKNOWN",,,
"2","coordinate",,"task",,,
"1","tumatagas",,"UNKNOWN",,,
"1","confidence",,"UNKNOWN",,,
"1","ship-sourc",,"unknown",,,
"1","remind",,"task",,,
"7","process",,"UNKNOWN",,,
"2","broken",,"task",,,
"1","p17",,"task",,,
"3","chair",,"UNKNOWN",,,
"13","mv_island_sabtang",,"agent",,,
"8","caps",,"unknown",,,
"2","p12",,"unknown",,,
"10","ngayon",,"unknown",,,
"1","capt",,"UNKNOWN",,,
"1","brother",,"unknown",,,
"1","broker",,"unknown",,,
"1","amount_to",,"UNKNOWN",,,
"1","shred",,"UNKNOWN",,,
"2","procyon",,"UNKNOWN",,,
"1","offshore",,"UNKNOWN",,,
"1","quantities",,"UNKNOWN",,,
"1","overcome",,"task",,,
"3","decline",,"UNKNOWN",,,
"2","beach",,"UNKNOWN",,,
"1","concerns",,"unknown",,,
"8","sources",,"unknown",,,
"3","stalls",,"unknown",,,
"4","anchor",,"unknown",,,
"1","cmdr",,"UNKNOWN",,,
"1","mass",,"UNKNOWN",,,
"1","magawan",,"task",,,
"2","—inquir",,"UNKNOWN",,,
"6","hear",,"task",,,
"4","parties",,"UNKNOWN",,,
"21","has_been",,"UNKNOWN",,,
"5","fund",,"unknown",,,
"10","head",,"unknown",,,
"26","maritime",,"UNKNOWN",,,
"4","chief",,"UNKNOWN",,,
"1","pm_friday",,"agent",,,
"6","coordin",,"task",,,
"2","forests",,"UNKNOWN",,,
"2","anchorage",,"UNKNOWN",,,
"1","pag-de-deliveran",,"UNKNOWN",,,
"1","dzbb",,"UNKNOWN",,,
"11","agencies",,"UNKNOWN",,,
"3","mark",,"UNKNOWN",,,
"2","hinihila",,"UNKNOWN",,,
"1","coast_guard_initially",,"agent",,,
"1","adjacent",,"task",,,
"2","get_away",,"UNKNOWN",,,
"4","las_�",,"UNKNOWN",,,
"2","thick",,"UNKNOWN",,,
"1","sapagkat",,"unknown",,,
"1","determin",,"task",,,
"1","emerg",,"unknown",,,
"3","hydrocarbons",,"UNKNOWN",,,
"3","lift",,"unknown",,,
"12","policy",,"UNKNOWN",,,
"1","diagram",,"unknown",,,
"22","town",,"unknown",,,
"4","walang",,"unknown",,,
"3","media",,"unknown",,,
"1","senior",,"UNKNOWN",,,
"3","administration",,"UNKNOWN",,,
"3","calm",,"unknown",,,
"1","decide",,"UNKNOWN",,,
"5","call",,"unknown",,,
"1","natatanggal",,"UNKNOWN",,,
"1","issue",,"UNKNOWN",,,
"3","state",,"UNKNOWN",,,
"1","tingin",,"UNKNOWN",,,
"5","currently",,"unknown",,,
"4","pipe",,"unknown",,,
"2","officers",,"unknown",,,
"1","rides",,"unknown",,,
"1","details",,"UNKNOWN",,,
"1","makina",,"unknown",,,
"3","full",,"unknown",,,
"1","farms",,"UNKNOWN",,,
"1","apektado",,"task",,,
"1","ecology",,"UNKNOWN",,,
"1","villanoy",,"UNKNOWN",,,
"2","time_bomb",,"UNKNOWN",,,
"12","tanza",,"UNKNOWN",,,
"1","volunteers",,"UNKNOWN",,,
"1","painful",,"UNKNOWN",,,
"2","wholesalers",,"unknown",,,
"2","leonelle",,"UNKNOWN",,,
"1","petrochemical",,"unknown",,,
"1","lomotan",,"UNKNOWN",,,
"1","addition",,"unknown",,,
"6","impos",,"task",,,
"1","tides",,"UNKNOWN",,,
"1","estado",,"UNKNOWN",,,
"20","address",,"UNKNOWN",,,
"1","shoulder",,"UNKNOWN",,,
"4","target",,"unknown",,,
"2","struggles",,"UNKNOWN",,,
"1","special",,"UNKNOWN",,,
"1","da-bfar",,"UNKNOWN",,,
"4","enhanc",,"unknown",,,
"15","group",,"unknown",,,
"1","average",,"unknown",,,
"6","miss",,"UNKNOWN",,,
"1","irritability",,"UNKNOWN",,,
"3","need",,"UNKNOWN",,,
"13","total",,"UNKNOWN",,,
"1","philippine_stock_exchange",,"agent",,,
"1","along_with",,"UNKNOWN",,,
"1","decreas",,"UNKNOWN",,,
"1","4-a",,"UNKNOWN",,,
"35","fish",,"UNKNOWN",,,
"1","tulungan",,"unknown",,,
"2","higher",,"UNKNOWN",,,
"29","calamity",,"agent",,,
"1","lessen",,"task",,,
"1","visit",,"unknown",,,
"4","wait",,"task",,,
"1","northward",,"UNKNOWN",,,
"2","malabon",,"UNKNOWN",,,
"3","insertion",,"UNKNOWN",,,
"6","free",,"UNKNOWN",,,
"3","search",,"UNKNOWN",,,
"15","shogun",,"UNKNOWN",,,
"1","protein",,"UNKNOWN",,,
"8","began",,"task",,,
"1","discharge",,"UNKNOWN",,,
"2","canillo",,"UNKNOWN",,,
"1","collision",,"unknown",,,
"5","black",,"unknown",,,
"1","pugad",,"UNKNOWN",,,
"3","intact",,"unknown",,,
"1","limits",,"unknown",,,
"1","undue",,"unknown",,,
"1","ordinary",,"UNKNOWN",,,
"1","—photo",,"UNKNOWN",,,
"1","exports",,"UNKNOWN",,,
"1","patterns",,"unknown",,,
"1","death",,"unknown",,,
"5","jonathan_�",,"UNKNOWN",,,
"1","unnecessary",,"UNKNOWN",,,
"2","convention",,"UNKNOWN",,,
"11","companies",,"unknown",,,
"1","romualdez",,"task",,,
"4","number",,"UNKNOWN",,,
"1","batter",,"unknown",,,
"3","gil",,"agent",,,
"1","barges",,"UNKNOWN",,,
"1","editor",,"UNKNOWN",,,
"6","scenario",,"UNKNOWN",,,
"1","pasukan",,"UNKNOWN",,,
"1","natural_resources_office",,"organization",,,
"3","cities",,"unknown",,,
"18","towns",,"unknown",,,
"4","contingency",,"UNKNOWN",,,
"1","soap",,"unknown",,,
"3","view",,"agent",,,
"8","explain",,"task",,,
"10","owners",,"unknown",,,
"5","lahat",,"UNKNOWN",,,
"1","akin",,"UNKNOWN",,,
"1","greenpeaces",,"UNKNOWN",,,
"1","typically",,"UNKNOWN",,,
"3","mojal-infante",,"UNKNOWN",,,
"1","francisco_tiu_laurel_jr",,"agent",,,
"12","subscribe_to",,"UNKNOWN",,,
"1","taga-bataan",,"unknown",,,
"3","ocean",,"unknown",,,
"4","pilipinas",,"UNKNOWN",,,
"12","barko",,"unknown",,,
"1","coal-free",,"unknown",,,
"5","trouble",,"UNKNOWN",,,
"1","lawsuit",,"unknown",,,
"7","debris",,"unknown",,,
"2","stake",,"UNKNOWN",,,
"1","division",,"agent",,,
"4","meron",,"unknown",,,
"1","intervention",,"UNKNOWN",,,
"2","weaken",,"task",,,
"1","socio-economic",,"unknown",,,
"1","trillana",,"UNKNOWN",,,
"1","human-induc",,"UNKNOWN",,,
"2","customs",,"UNKNOWN",,,
"2","warnings",,"unknown",,,
"1","toler",,"UNKNOWN",,,
"1","ganito",,"UNKNOWN",,,
"3","swamp",,"UNKNOWN",,,
"2","mananagot",,"unknown",,,
"3","sunk",,"unknown",,,
"1","announcement",,"unknown",,,
"1","inabandona",,"unknown",,,
"1","sea_brothers",,"agent",,,
"3","firm",,"UNKNOWN",,,
"7","lieutenant",,"UNKNOWN",,,
"9","receiv",,"UNKNOWN",,,
"1","translat",,"UNKNOWN",,,
"2","boat",,"unknown",,,
"82","sank",,"UNKNOWN",,,
"2","yards",,"unknown",,,
"3","bakit",,"unknown",,,
"1","inland",,"UNKNOWN",,,
"1","insufficient",,"UNKNOWN",,,
"8","history",,"unknown",,,
"1","anak",,"unknown",,,
"1","araw",,"UNKNOWN",,,
"16","provincial",,"UNKNOWN",,,
"1","supplementary_fund_protocol",,"agent",,,
"2","encount",,"unknown",,,
"1","postpon",,"UNKNOWN",,,
"3","fuels",,"unknown",,,
"1","talaga",,"unknown",,,
"3","engag",,"unknown",,,
"11","vendors",,"UNKNOWN",,,
"1","bound",,"task",,,
"1","ocd",,"unknown",,,
"1","naramdaman",,"unknown",,,
"1","warrant",,"unknown",,,
"4","body",,"unknown",,,
"1","breed",,"UNKNOWN",,,
"1","namamakyaw",,"unknown",,,
"2","stall",,"UNKNOWN",,,
"2","sasabihin",,"UNKNOWN",,,
"3","come_to",,"UNKNOWN",,,
"1","argu",,"UNKNOWN",,,
"1","circl",,"UNKNOWN",,,
"9","incorpor",,"UNKNOWN",,,
"1","make_it",,"UNKNOWN",,,
"1","impossible",,"unknown",,,
"1","completion",,"UNKNOWN",,,
"1","katanungang",,"UNKNOWN",,,
"14","paihi",,"unknown",,,
"3","refer_to",,"UNKNOWN",,,
"5","close",,"UNKNOWN",,,
"2","passage",,"UNKNOWN",,,
"1","occurrences",,"UNKNOWN",,,
"4","pola",,"UNKNOWN",,,
"1","nasugbu",,"UNKNOWN",,,
"2","magracia",,"UNKNOWN",,,
"6","light",,"unknown",,,
"1","commercially-available",,"unknown",,,
"2","key",,"unknown",,,
"1","renown",,"UNKNOWN",,,
"1","mark_salazar",,"agent",,,
"1","claims",,"UNKNOWN",,,
"1","gatchalian",,"unknown",,,
"1","packages",,"unknown",,,
"1","pagkakaisa",,"UNKNOWN",,,
"2","manually",,"UNKNOWN",,,
"4","oras",,"unknown",,,
"2","habagat",,"unknown",,,
"2","pccg",,"UNKNOWN",,,
"1","grave",,"UNKNOWN",,,
"1","sala",,"UNKNOWN",,,
"1","agent",,"unknown",,,
"1","lucena_city",,"organization",,,
"1","sale",,"UNKNOWN",,,
"1","fleet",,"unknown",,,
"2","investigations",,"UNKNOWN",,,
"1","cough",,"UNKNOWN",,,
"1","dikes",,"UNKNOWN",,,
"2","considerably",,"UNKNOWN",,,
"1","near",,"UNKNOWN",,,
"1","alliance_holdings",,"organization",,,
"1","better",,"unknown",,,
"1","pagkakatali",,"unknown",,,
"1","example",,"UNKNOWN",,,
"1","gef",,"unknown",,,
"1","tranquility",,"unknown",,,
"2","thing",,"UNKNOWN",,,
"2","pambansang",,"UNKNOWN",,,
"1","barge",,"unknown",,,
"47","sunken",,"agent",,,
"3","carefully",,"UNKNOWN",,,
"2","protective",,"UNKNOWN",,,
"40","department",,"agent",,,
"7","set",,"unknown",,,
"1","40am",,"UNKNOWN",,,
"3","today",,"UNKNOWN",,,
"11","wala",,"unknown",,,
"3","safely",,"UNKNOWN",,,
"1","msu-iit",,"UNKNOWN",,,
"1","bottom-set",,"unknown",,,
"1","pong",,"UNKNOWN",,,
"3","seals",,"unknown",,,
"5","organization",,"unknown",,,
"3","monitors",,"UNKNOWN",,,
"28","area",,"UNKNOWN",,,
"8","releas",,"UNKNOWN",,,
"1","circulation",,"UNKNOWN",,,
"1","tuloy-tuloy",,"UNKNOWN",,,
"1","mindanao_state_university-iligan_institute",,"organization",,,
"4","types",,"UNKNOWN",,,
"3","nito",,"unknown",,,
"1","makapagpatupad",,"unknown",,,
"3","individuals",,"unknown",,,
"38","mt_terra_nova",,"agent",,,
"1","restoration",,"UNKNOWN",,,
"5","provincial_social_welfare",,"agent",,,
"5","instal",,"unknown",,,
"19","sea",,"unknown",,,
"1","persons",,"unknown",,,
"5","sightings",,"unknown",,,
"1","message",,"UNKNOWN",,,
"1","tuesdays",,"UNKNOWN",,,
"1","recap",,"UNKNOWN",,,
"1","in_general",,"UNKNOWN",,,
"1","umaga",,"UNKNOWN",,,
"1","mission",,"UNKNOWN",,,
"24","valves",,"unknown",,,
"2","kahapon",,"UNKNOWN",,,
"14","civil_defense_calabarzon",,"agent",,,
"1","magbubukas",,"UNKNOWN",,,
"6","suit",,"unknown",,,
"3","siguro",,"unknown",,,
"1","visits",,"UNKNOWN",,,
"3","nangyari",,"unknown",,,
"1","limays",,"UNKNOWN",,,
"2","disrupts",,"unknown",,,
"117","tanker",,"UNKNOWN",,,
"1","yield",,"task",,,
"1","stations",,"unknown",,,
"16","concern",,"unknown",,,
"5","bangus",,"unknown",,,
"1","curb",,"UNKNOWN",,,
"2","court",,"UNKNOWN",,,
"1","impose",,"UNKNOWN",,,
"5","kasama",,"unknown",,,
"1","birds",,"unknown",,,
"1","cure",,"UNKNOWN",,,
"17","operation",,"UNKNOWN",,,
"1","break",,"UNKNOWN",,,
"2","weekend",,"unknown",,,
"2","agac",,"UNKNOWN",,,
"1","occurrence",,"UNKNOWN",,,
"1","import",,"UNKNOWN",,,
"1","francis_tolentino",,"agent",,,
"2","worth",,"UNKNOWN",,,
"8","central",,"UNKNOWN",,,
"1","philippines—with",,"UNKNOWN",,,
"1","programs",,"UNKNOWN",,,
"1","ring",,"UNKNOWN",,,
"18","would_be",,"UNKNOWN",,,
"1","structure",,"UNKNOWN",,,
"4","ecological",,"UNKNOWN",,,
"1","distrito",,"UNKNOWN",,,
"7","remov",,"UNKNOWN",,,
"1","heighten",,"UNKNOWN",,,
"6","accountable",,"UNKNOWN",,,
"13","provinces",,"UNKNOWN",,,
"2","terra",,"UNKNOWN",,,
"1","discount",,"UNKNOWN",,,
"3","destination",,"UNKNOWN",,,
"6","include",,"UNKNOWN",,,
"1","funds",,"UNKNOWN",,,
"1","traffic",,"UNKNOWN",,,
"14","earlier",,"UNKNOWN",,,
"2","karagatan",,"UNKNOWN",,,
"1","ilalahad",,"UNKNOWN",,,
"4","set_up",,"UNKNOWN",,,
"11","measures",,"UNKNOWN",,,
"2","evaluations",,"UNKNOWN",,,
"2","records",,"UNKNOWN",,,
"3","abandon",,"UNKNOWN",,,
"1","delivery",,"UNKNOWN",,,
"6","internal_revenue",,"agent",,,
"6","winds",,"UNKNOWN",,,
"1","international_tanker_owners_pollution_federation",,"agent",,,
"3","satellite",,"UNKNOWN",,,
"2","creation",,"UNKNOWN",,,
"1","subject",,"UNKNOWN",,,
"1","moment",,"UNKNOWN",,,
"2","upang",,"UNKNOWN",,,
"1","two-week",,"UNKNOWN",,,
"2","coral_reef",,"UNKNOWN",,,
"3","44-meter",,"UNKNOWN",,,
"1","transpir",,"UNKNOWN",,,
"6","protect",,"UNKNOWN",,,
"1","come_in",,"UNKNOWN",,,
"1","bagac",,"UNKNOWN",,,
"1","oysters",,"UNKNOWN",,,
"3","heard",,"UNKNOWN",,,
"18","shellfish",,"UNKNOWN",,,
"10","out_of",,"UNKNOWN",,,
"1","counsel",,"UNKNOWN",,,
"6","cynthia_villar",,"agent",,,
"1","files",,"UNKNOWN",,,
"1","clock",,"UNKNOWN",,,
"2","larger",,"UNKNOWN",,,
"1","macabebe",,"UNKNOWN",,,
"2","imbestigasyon",,"UNKNOWN",,,
"1","—vince",,"UNKNOWN",,,
"3","oil_tanker_mt_terranova",,"agent",,,
"1","polycylic",,"UNKNOWN",,,
"2","noscop",,"UNKNOWN",,,
"12","interview",,"UNKNOWN",,,
"2","healthy",,"UNKNOWN",,,
"1","press_statement",,"UNKNOWN",,,
"1","long_time",,"UNKNOWN",,,
"3","chairperson",,"agent",,,
"1","signatory",,"UNKNOWN",,,
"1","fabricate",,"UNKNOWN",,,
"1","negligence",,"UNKNOWN",,,
"2","clean_up",,"UNKNOWN",,,
"2","sumalok",,"UNKNOWN",,,
"4","replacement",,"UNKNOWN",,,
"1","late—one",,"UNKNOWN",,,
"2","husks",,"UNKNOWN",,,
"2","lgus",,"UNKNOWN",,,
"3","location",,"UNKNOWN",,,
"4","remains",,"UNKNOWN",,,
"1","resulta",,"UNKNOWN",,,
"1","integrity",,"UNKNOWN",,,
"1","deeply",,"UNKNOWN",,,
"1","study",,"UNKNOWN",,,
"1","procedures",,"UNKNOWN",,,
"2","prior",,"UNKNOWN",,,
"1","ternate—",,"UNKNOWN",,,
"1","occidental",,"unknown",,,
"2","barriers",,"UNKNOWN",,,
"1","level",,"UNKNOWN",,,
"1","cavite-bas",,"UNKNOWN",,,
"1","gather",,"UNKNOWN",,,
"1","facebook",,"UNKNOWN",,,
"1","sets",,"UNKNOWN",,,
"5","official",,"UNKNOWN",,,
"23","pampanga",,"unknown",,,
"9","pcg_national_capital_region",,"agent",,,
"7","protection",,"UNKNOWN",,,
"3","appropriate",,"UNKNOWN",,,
"5","salvor_harbor_star",,"agent",,,
"8","heavy",,"UNKNOWN",,,
"2","p200",,"UNKNOWN",,,
"1","wade",,"UNKNOWN",,,
"2","professional",,"UNKNOWN",,,
"18","statement",,"UNKNOWN",,,
"1","spills—some",,"UNKNOWN",,,
"1","fact-find",,"UNKNOWN",,,
"25","lamao",,"unknown",,,
"5","up_msi",,"organization",,,
"1","operate",,"UNKNOWN",,,
"1","laman",,"UNKNOWN",,,
"1","issues",,"UNKNOWN",,,
"1","pagdat",,"UNKNOWN",,,
"2","likes",,"UNKNOWN",,,
"1","kinakailangan",,"UNKNOWN",,,
"7","bulletin",,"UNKNOWN",,,
"10","ongo",,"UNKNOWN",,,
"1","thin",,"UNKNOWN",,,
"3","release",,"UNKNOWN",,,
"1","run_aground",,"UNKNOWN",,,
"3","kailangan",,"UNKNOWN",,,
"1","ibig",,"UNKNOWN",,,
"1","plummet",,"UNKNOWN",,,
"1","equivalent",,"UNKNOWN",,,
"1","bamboo",,"UNKNOWN",,,
"2","laguna",,"UNKNOWN",,,
"1","sindikato",,"UNKNOWN",,,
"10","san_miguel",,"agent",,,
"4","nila",,"UNKNOWN",,,
"6","includes",,"UNKNOWN",,,
"14","affect",,"UNKNOWN",,,
"1","stabilize",,"UNKNOWN",,,
"1","network",,"UNKNOWN",,,
"5","smaller",,"UNKNOWN",,,
"3","worri",,"UNKNOWN",,,
"1","to_come",,"UNKNOWN",,,
"2","online",,"agent",,,
"19","risk",,"UNKNOWN",,,
"2","real",,"UNKNOWN",,,
"2","passeng",,"UNKNOWN",,,
"1","staff",,"UNKNOWN",,,
"4","set_to",,"UNKNOWN",,,
"1","poverty",,"UNKNOWN",,,
"2","hanapbuhay",,"UNKNOWN",,,
"2","scoop",,"UNKNOWN",,,
"4","guimaras",,"UNKNOWN",,,
"1","hiyas",,"UNKNOWN",,,
"32","read",,"UNKNOWN",,,
"1","international_charter_space",,"agent",,,
"1","bancal",,"UNKNOWN",,,
"1","ill-fat",,"UNKNOWN",,,
"3","receive",,"UNKNOWN",,,
"4","at_sea",,"UNKNOWN",,,
"1","dzrh",,"unknown",,,
"1","healthcare",,"UNKNOWN",,,
"1","rehabilitation",,"UNKNOWN",,,
"2","application",,"UNKNOWN",,,
"2","standard",,"UNKNOWN",,,
"1","governors",,"UNKNOWN",,,
"10","worst",,"UNKNOWN",,,
"5","rear",,"UNKNOWN",,,
"2","paombong",,"UNKNOWN",,,
"4","deal_with",,"UNKNOWN",,,
"1","avert",,"UNKNOWN",,,
"11","kiko_laurel_ng_da",,"agent",,,
"1","liabiility",,"UNKNOWN",,,
"3","felt",,"UNKNOWN",,,
"2","threatens",,"UNKNOWN",,,
"4","fossil",,"UNKNOWN",,,
"2","wag",,"UNKNOWN",,,
"1","rita",,"UNKNOWN",,,
"2","worry",,"UNKNOWN",,,
"1","san_miguel_group",,"organization",,,
"2","manpow",,"UNKNOWN",,,
"7","cleanup",,"UNKNOWN",,,
"2","compound",,"UNKNOWN",,,
"1","ginagamit",,"UNKNOWN",,,
"1","fight",,"UNKNOWN",,,
"1","sinabi",,"UNKNOWN",,,
"2","hopefully",,"UNKNOWN",,,
"2","advis",,"UNKNOWN",,,
"1","installation",,"UNKNOWN",,,
"1","delfin",,"UNKNOWN",,,
"8","recov",,"UNKNOWN",,,
"1","exposures",,"UNKNOWN",,,
"1","merchants",,"UNKNOWN",,,
"2","danger",,"UNKNOWN",,,
"16","barangay",,"UNKNOWN",,,
"1","resell",,"UNKNOWN",,,
"2","anticipate",,"UNKNOWN",,,
"41","capsiz",,"UNKNOWN",,,
"3","patuloy",,"UNKNOWN",,,
"18","happen",,"UNKNOWN",,,
"1","on_the_lookout",,"UNKNOWN",,,
"2","turn",,"UNKNOWN",,,
"2","disturbance",,"UNKNOWN",,,
"41","mtkr_jason_bradley",,"agent",,,
"4","ganchoon",,"unknown",,,
"1","andito",,"UNKNOWN",,,
"1","magdedeklara",,"UNKNOWN",,,
"26","involv",,"UNKNOWN",,,
"10","impacts",,"UNKNOWN",,,
"44","vessels",,"unknown",,,
"1","declare",,"UNKNOWN",,,
"1","buhay",,"UNKNOWN",,,
"1","unusually",,"UNKNOWN",,,
"2","crime",,"UNKNOWN",,,
"1","shogun_ships_company_inc",,"agent",,,
"7","own",,"UNKNOWN",,,
"1","fellow",,"UNKNOWN",,,
"1","ngunit",,"UNKNOWN",,,
"3","face",,"UNKNOWN",,,
"1","malalaman",,"UNKNOWN",,,
"1","saturdays",,"UNKNOWN",,,
"1","usapan",,"UNKNOWN",,,
"2","common",,"UNKNOWN",,,
"4","pcg_commandant",,"agent",,,
"36","mv_mirola",,"agent",,,
"4","ronnel_arambulo",,"agent",,,
"1","matagal-tagal",,"UNKNOWN",,,
"1","kuhanin",,"UNKNOWN",,,
"1","natural_cost",,"agent",,,
"2","penalties",,"UNKNOWN",,,
"3","estimate",,"UNKNOWN",,,
"3","prohibit",,"UNKNOWN",,,
"2","cordero_jr",,"agent",,,
"5","allegations",,"UNKNOWN",,,
"2","document",,"UNKNOWN",,,
"1","figure",,"UNKNOWN",,,
"31","motor",,"UNKNOWN",,,
"1","to_do",,"UNKNOWN",,,
"6","assess",,"UNKNOWN",,,
"2","civil",,"UNKNOWN",,,
"3","urinate",,"UNKNOWN",,,
"3","crisis",,"UNKNOWN",,,
"4","caught",,"UNKNOWN",,,
"1","hair",,"UNKNOWN",,,
"1","detention",,"UNKNOWN",,,
"2","direct",,"UNKNOWN",,,
"1","fade",,"UNKNOWN",,,
"2","malakas",,"UNKNOWN",,,
"7","flags",,"UNKNOWN",,,
"5","assur",,"UNKNOWN",,,
"23","news",,"UNKNOWN",,,
"3","maritime_industry_authority",,"agent",,,
"2","aftermath",,"UNKNOWN",,,
"1","utilizes",,"UNKNOWN",,,
"3","dahil",,"UNKNOWN",,,
"1","mag-develop",,"UNKNOWN",,,
"1","seller",,"UNKNOWN",,,
"3","angle",,"UNKNOWN",,,
"1","take_steps",,"UNKNOWN",,,
"1","clams",,"UNKNOWN",,,
"1","caluya",,"UNKNOWN",,,
"1","fact",,"UNKNOWN",,,
"1","kind_of",,"UNKNOWN",,,
"1","p150-p180",,"UNKNOWN",,,
"1","pupuntahan",,"UNKNOWN",,,
"4","mixture",,"UNKNOWN",,,
"1","precautionary",,"UNKNOWN",,,
"1","datos",,"UNKNOWN",,,
"1","serbisyo",,"UNKNOWN",,,
"2","actions",,"UNKNOWN",,,
"2","abort",,"UNKNOWN",,,
"4","fear",,"UNKNOWN",,,
"2","detail",,"UNKNOWN",,,
"1","faces",,"UNKNOWN",,,
"18","integr",,"UNKNOWN",,,
"1","kalala",,"UNKNOWN",,,
"16","terms",,"UNKNOWN",,,
"1","batang",,"UNKNOWN",,,
"1","interviews",,"UNKNOWN",,,
"1","disruption",,"UNKNOWN",,,
"3","presidential_communications_office",,"organization",,,
"2","niyan",,"UNKNOWN",,,
"1","ombay",,"UNKNOWN",,,
"1","exploration",,"UNKNOWN",,,
"20","livelihood",,"UNKNOWN",,,
"1","woke",,"UNKNOWN",,,
"1","galaw",,"UNKNOWN",,,
"2","commit",,"UNKNOWN",,,
"1","alleg",,"UNKNOWN",,,
"15","reports",,"UNKNOWN",,,
"1","kainin",,"UNKNOWN",,,
"4","kapag",,"UNKNOWN",,,
"2","charges",,"UNKNOWN",,,
"1","demonstrate",,"UNKNOWN",,,
"1","—unit",,"UNKNOWN",,,
"1","oceanas",,"UNKNOWN",,,
"2","unable",,"UNKNOWN",,,
"3","sta",,"UNKNOWN",,,
"1","nagbuo",,"UNKNOWN",,,
"1","anomalies",,"UNKNOWN",,,
"2","poison",,"UNKNOWN",,,
"1","compensatory",,"UNKNOWN",,,
"2","malaki",,"UNKNOWN",,,
"1","marri",,"UNKNOWN",,,
"3","heavy-weath",,"UNKNOWN",,,
"1","abra",,"UNKNOWN",,,
"1","united_states_national_oceanic",,"agent",,,
"2","size",,"UNKNOWN",,,
"1","properly",,"UNKNOWN",,,
"1","inform",,"UNKNOWN",,,
"1","habitat",,"UNKNOWN",,,
"1","canvass",,"UNKNOWN",,,
"1","devastating—have",,"UNKNOWN",,,
"13","efforts",,"UNKNOWN",,,
"2","fernando",,"task",,,
"1","lalim",,"UNKNOWN",,,
"2","foreign",,"UNKNOWN",,,
"1","malapit",,"UNKNOWN",,,
"1","bongbong",,"agent",,,
"4","supertyphoon",,"unknown",,,
"1","roads",,"UNKNOWN",,,
"1","bradleys",,"task",,,
"8","result",,"UNKNOWN",,,
"1","defin",,"UNKNOWN",,,
"2","model",,"UNKNOWN",,,
"1","maritime_organization_regional",,"agent",,,
"1","mangisda",,"UNKNOWN",,,
"2","—noel",,"UNKNOWN",,,
"1","provincial_agriculture_office",,"organization",,,
"7","municipality",,"UNKNOWN",,,
"2","4a",,"UNKNOWN",,,
"3","melchora",,"UNKNOWN",,,
"2","nets",,"UNKNOWN",,,
"1","well",,"UNKNOWN",,,
"1","abundant",,"UNKNOWN",,,
"1","mitigation",,"UNKNOWN",,,
"1","julius_rodriguez",,"agent",,,
"5","rais",,"UNKNOWN",,,
"6","facility",,"UNKNOWN",,,
"1","reserv",,"UNKNOWN",,,
"2","elaborate",,"UNKNOWN",,,
"1","gascon",,"UNKNOWN",,,
"2","complete",,"UNKNOWN",,,
"1","brace",,"UNKNOWN",,,
"2","together_with",,"UNKNOWN",,,
"1","makatakas",,"UNKNOWN",,,
"1","supply",,"UNKNOWN",,,
"1","i-improve",,"UNKNOWN",,,
"1","feed",,"UNKNOWN",,,
"3","severe",,"UNKNOWN",,,
"1","gobyerno",,"UNKNOWN",,,
"1","kapaligiran",,"UNKNOWN",,,
"1","lubhang",,"UNKNOWN",,,
"2","4m",,"UNKNOWN",,,
"1","feel",,"UNKNOWN",,,
"1","rush",,"UNKNOWN",,,
"6","crucial",,"UNKNOWN",,,
"1","ginagawa",,"UNKNOWN",,,
"1","zamboanga_city",,"location",,,
"1","nest",,"UNKNOWN",,,
"1","come_forward",,"UNKNOWN",,,
"1","kung_sino_ang",,"agent",,,
"1","suppliers",,"UNKNOWN",,,
"10","units",,"UNKNOWN",,,
"15","recovery",,"UNKNOWN",,,
"2","kerosene",,"UNKNOWN",,,
"2","liabilities",,"UNKNOWN",,,
"2","organic",,"UNKNOWN",,,
"3","resume",,"UNKNOWN",,,
"68","waters",,"UNKNOWN",,,
"1","farther",,"UNKNOWN",,,
"3","service",,"UNKNOWN",,,
"6","claim",,"UNKNOWN",,,
"41","operations",,"UNKNOWN",,,
"2","harvest",,"UNKNOWN",,,
"1","masters",,"UNKNOWN",,,
"2","novas",,"UNKNOWN",,,
"2","serves",,"UNKNOWN",,,
"11","brief",,"UNKNOWN",,,
"1","costly",,"UNKNOWN",,,
"1","journalism",,"UNKNOWN",,,
"9","waste",,"UNKNOWN",,,
"2","secretarys",,"UNKNOWN",,,
"1","opo",,"UNKNOWN",,,
"2","citations",,"UNKNOWN",,,
"1","calatagan",,"UNKNOWN",,,
"1","kbk",,"UNKNOWN",,,
"1","conducts",,"UNKNOWN",,,
"3","bring",,"UNKNOWN",,,
"1","may-ari",,"UNKNOWN",,,
"2","ronnie",,"UNKNOWN",,,
"6","cover",,"UNKNOWN",,,
"1","fail",,"UNKNOWN",,,
"2","mangingisda",,"unknown",,,
"4","sales",,"UNKNOWN",,,
"1","asawa",,"UNKNOWN",,,
"21","file",,"agent",,,
"2","malolos_city",,"location",,,
"7","criminal",,"UNKNOWN",,,
"4","toxic",,"UNKNOWN",,,
"17","weather",,"UNKNOWN",,,
"3","devastate",,"UNKNOWN",,,
"1","katulad",,"UNKNOWN",,,
"1","headlines",,"UNKNOWN",,,
"6","pcgs",,"UNKNOWN",,,
"1","opt",,"UNKNOWN",,,
"2","groups",,"unknown",,,
"5","wind",,"UNKNOWN",,,
"1","municipal_social_welfare",,"agent",,,
"1","naiwan",,"UNKNOWN",,,
"5","national",,"UNKNOWN",,,
"1","compens",,"UNKNOWN",,,
"1","magagamit",,"UNKNOWN",,,
"19","prevent",,"UNKNOWN",,,
"2","director",,"UNKNOWN",,,
"23","provid",,"UNKNOWN",,,
"1","sangguniang",,"UNKNOWN",,,
"1","bahagi",,"UNKNOWN",,,
"2","lumaot",,"UNKNOWN",,,
"1","oil_spill_response_organizations",,"agent",,,
"1","logistical",,"UNKNOWN",,,
"1","vomit",,"UNKNOWN",,,
"4","—jiselle",,"UNKNOWN",,,
"1","ganyang",,"UNKNOWN",,,
"6","used_to",,"UNKNOWN",,,
"8","tap",,"UNKNOWN",,,
"5","on_board",,"UNKNOWN",,,
"1","papaano",,"UNKNOWN",,,
"1","shoreline—could",,"UNKNOWN",,,
"2","oily",,"UNKNOWN",,,
"1","makikita",,"UNKNOWN",,,
"6","coconut",,"UNKNOWN",,,
"2","long-term",,"UNKNOWN",,,
"1","oils",,"UNKNOWN",,,
"5","traces",,"UNKNOWN",,,
"1","engin",,"UNKNOWN",,,
"3","timeline",,"UNKNOWN",,,
"18","ground",,"UNKNOWN",,,
"1","cavite-metro",,"unknown",,,
"17","salvor",,"UNKNOWN",,,
"29","cargo",,"UNKNOWN",,,
"7","containment",,"UNKNOWN",,,
"1","effective",,"UNKNOWN",,,
"3","probe",,"UNKNOWN",,,
"5","disposal",,"UNKNOWN",,,
"1","merong",,"UNKNOWN",,,
"1","highly",,"UNKNOWN",,,
"2","length",,"UNKNOWN",,,
"7","justice_secretary",,"UNKNOWN",,,
"1","cavite—bacoor",,"UNKNOWN",,,
"1","vince",,"UNKNOWN",,,
"1","frequently",,"UNKNOWN",,,
"1","usapin",,"UNKNOWN",,,
"7","quiapo",,"UNKNOWN",,,
"1","migration",,"UNKNOWN",,,
"9","responsible",,"UNKNOWN",,,
"1","progressive",,"UNKNOWN",,,
"1","take_up",,"UNKNOWN",,,
"1","verde_island_passage",,"location",,,
"2","establish",,"UNKNOWN",,,
"1","suppos",,"UNKNOWN",,,
"15","typhoon",,"UNKNOWN",,,
"2","renewable",,"UNKNOWN",,,
"1","access",,"UNKNOWN",,,
"1","rufo",,"UNKNOWN",,,
"16","secretary",,"UNKNOWN",,,
"4","symptoms",,"UNKNOWN",,,
"1","llgjyofygv",,"agent",,,
"68","industrial",,"UNKNOWN",,,
"1","kapitan",,"UNKNOWN",,,
"1","mishaps",,"UNKNOWN",,,
"1","lugar",,"UNKNOWN",,,
"1","councils",,"UNKNOWN",,,
"5","unsafe",,"UNKNOWN",,,
"2","sector",,"UNKNOWN",,,
"1","mallari_jr",,"agent",,,
"2","semirara",,"UNKNOWN",,,
"2","ruin",,"UNKNOWN",,,
"1","swells",,"UNKNOWN",,,
"1","maunahan",,"UNKNOWN",,,
"1","answers",,"UNKNOWN",,,
"46","spokesperson_rear_admiral_armand_balilo",,"agent",,,
"2","workers",,"UNKNOWN",,,
"1","asabihan",,"UNKNOWN",,,
"13","vasquez",,"UNKNOWN",,,
"5","race",,"UNKNOWN",,,
"1","island-province",,"UNKNOWN",,,
"12","incidents",,"UNKNOWN",,,
"2","fame",,"UNKNOWN",,,
"2","daniella",,"UNKNOWN",,,
"6","niya",,"UNKNOWN",,,
"1","risk-caus",,"UNKNOWN",,,
"1","porta_vaga_ship_management_group",,"organization",,,
"1","jose_garcia",,"agent",,,
"3","directly",,"UNKNOWN",,,
"22","work",,"UNKNOWN",,,
"1","diarrhea",,"UNKNOWN",,,
"1","biodegradation",,"UNKNOWN",,,
"1","victims",,"UNKNOWN",,,
"1","tatagas",,"UNKNOWN",,,
"1","videos",,"UNKNOWN",,,
"2","global",,"UNKNOWN",,,
"6","class",,"UNKNOWN",,,
"1","property",,"UNKNOWN",,,
"1","figur",,"UNKNOWN",,,
"1","responders",,"UNKNOWN",,,
"1","naputol",,"UNKNOWN",,,
"1","northern",,"agent",,,
"36","environment",,"UNKNOWN",,,
"1","shipyard",,"UNKNOWN",,,
"5","program",,"UNKNOWN",,,
"1","mapaminsalang",,"UNKNOWN",,,
"12","company",,"UNKNOWN",,,
"1","popular",,"UNKNOWN",,,
"2","even",,"UNKNOWN",,,
"1","word",,"UNKNOWN",,,
"1","go_through",,"UNKNOWN",,,
"15","warn",,"UNKNOWN",,,
"2","stop",,"UNKNOWN",,,
"3","washington-bas_national_oceanic",,"agent",,,
"1","intention",,"UNKNOWN",,,
"1","allow",,"UNKNOWN",,,
"1","mahigit",,"UNKNOWN",,,
"4","caution",,"UNKNOWN",,,
"3","estenzo",,"UNKNOWN",,,
"2","ronnie_gil_gavan",,"agent",,,
"1","conflat",,"UNKNOWN",,,
"1","nocop",,"UNKNOWN",,,
"1","categorically",,"UNKNOWN",,,
"1","juanito",,"UNKNOWN",,,
"3","kanilang",,"UNKNOWN",,,
"1","iyon",,"UNKNOWN",,,
"2","obando",,"UNKNOWN",,,
"1","minim",,"UNKNOWN",,,
"2","fit",,"UNKNOWN",,,
"1","offices",,"UNKNOWN",,,
"2","in_fact",,"UNKNOWN",,,
"2","wash",,"UNKNOWN",,,
"1","mean",,"UNKNOWN",,,
"1","stickier",,"UNKNOWN",,,
"1","ecosystem—includ",,"UNKNOWN",,,
"1","fine",,"UNKNOWN",,,
"1","lists",,"UNKNOWN",,,
"2","find",,"UNKNOWN",,,
"7","worst-case",,"UNKNOWN",,,
"37","marine",,"UNKNOWN",,,
"13","office",,"UNKNOWN",,,
"15","noveleta",,"agent",,,
"1","cultur",,"UNKNOWN",,,
"1","rice",,"UNKNOWN",,,
"2","terminals",,"UNKNOWN",,,
"2","circumstances",,"UNKNOWN",,,
"1","website",,"UNKNOWN",,,
"1","matter",,"UNKNOWN",,,
"1","naturally",,"UNKNOWN",,,
"1","locally",,"UNKNOWN",,,
"1","rich",,"UNKNOWN",,,
"4","fill",,"UNKNOWN",,,
"1","bumaba",,"UNKNOWN",,,
"5","clearance",,"UNKNOWN",,,
"6","families",,"UNKNOWN",,,
"4","domestic",,"UNKNOWN",,,
"3","casualty",,"UNKNOWN",,,
"3","rules",,"UNKNOWN",,,
"35","fisherfolk",,"UNKNOWN",,,
"1","umiral",,"UNKNOWN",,,
"1","nag-decide",,"UNKNOWN",,,
"14","inquir",,"UNKNOWN",,,
"1","bumalik",,"UNKNOWN",,,
"9","safety",,"UNKNOWN",,,
"1","karagdagang",,"UNKNOWN",,,
"9","continue",,"UNKNOWN",,,
"2","industries",,"UNKNOWN",,,
"3","emphas",,"UNKNOWN",,,
"3","boom",,"UNKNOWN",,,
"4","anne",,"UNKNOWN",,,
"3","tapos",,"UNKNOWN",,,
"2","seasonal",,"UNKNOWN",,,
"1","dalampasigan",,"UNKNOWN",,,
"1","saksi",,"UNKNOWN",,,
"9","parts",,"UNKNOWN",,,
"37","harbor_star_ship_services_inc",,"agent",,,
"16","float",,"UNKNOWN",,,
"1","lubric",,"UNKNOWN",,,
"1","unconsciousness",,"UNKNOWN",,,
"16","time",,"UNKNOWN",,,
"3","levels",,"UNKNOWN",,,
"2","refer",,"UNKNOWN",,,
"2","tima",,"UNKNOWN",,,
"3","kaya",,"UNKNOWN",,,
"2","verde_island",,"agent",,,
"1","duties",,"UNKNOWN",,,
"2","quot",,"UNKNOWN",,,
"1","video",,"UNKNOWN",,,
"2","intelligence",,"UNKNOWN",,,
"1","junnel",,"UNKNOWN",,,
"1","kayo",,"UNKNOWN",,,
"2","panick",,"UNKNOWN",,,
"4","extract",,"UNKNOWN",,,
"1","agarang",,"UNKNOWN",,,
"7","conditions",,"UNKNOWN",,,
"1","bit",,"UNKNOWN",,,
"5","project",,"UNKNOWN",,,
"1","pick_up",,"UNKNOWN",,,
"7","divers",,"UNKNOWN",,,
"1","discuss",,"UNKNOWN",,,
"2","bir",,"UNKNOWN",,,
"1","klase",,"UNKNOWN",,,
"1","bin",,"UNKNOWN",,,
"5","big",,"UNKNOWN",,,
"1","nagpaihi",,"UNKNOWN",,,
"1","limbones",,"UNKNOWN",,,
"1","depend_on",,"UNKNOWN",,,
"4","under_control",,"UNKNOWN",,,
"63","siphon",,"UNKNOWN",,,
"3","depart",,"UNKNOWN",,,
"24","iloilo",,"UNKNOWN",,,
"1","dependent",,"UNKNOWN",,,
"1","jason",,"UNKNOWN",,,
"1","exchange_commission",,"organization",,,
"2","bmb",,"UNKNOWN",,,
"1","galunggong",,"UNKNOWN",,,
"6","namin",,"UNKNOWN",,,
"4","france-presse",,"UNKNOWN",,,
"1","partly",,"UNKNOWN",,,
"1","authority",,"UNKNOWN",,,
"3","benro",,"agent",,,
"1","side",,"UNKNOWN",,,
"1","bath",,"UNKNOWN",,,
"7","naic",,"UNKNOWN",,,
"1","at_one",,"UNKNOWN",,,
"2","ilang",,"UNKNOWN",,,
"15","member",,"UNKNOWN",,,
"7","sitio",,"UNKNOWN",,,
"1","vdv",,"UNKNOWN",,,
"2","biodiversity",,"UNKNOWN",,,
"18","oriental_mindoro",,"agent",,,
"1","pananagutin",,"UNKNOWN",,,
"4","seawat",,"UNKNOWN",,,
"1","tilt",,"UNKNOWN",,,
"2","red_flag",,"UNKNOWN",,,
"17","waves",,"UNKNOWN",,,
"3","noong",,"UNKNOWN",,,
"1","refin",,"UNKNOWN",,,
"1","ph_coast_guard",,"agent",,,
"5","disasters",,"UNKNOWN",,,
"4","hour",,"UNKNOWN",,,
"1","hanggat",,"UNKNOWN",,,
"1","standards",,"UNKNOWN",,,
"16","compensation",,"agent",,,
"1","bird",,"UNKNOWN",,,
"1","incur",,"UNKNOWN",,,
"1","comfort",,"UNKNOWN",,,
"5","base",,"UNKNOWN",,,
"5","as_well",,"UNKNOWN",,,
"1","informal",,"UNKNOWN",,,
"1","paraan",,"UNKNOWN",,,
"25","public",,"UNKNOWN",,,
"1","rehabilitate",,"UNKNOWN",,,
"1","boc",,"UNKNOWN",,,
"1","hong",,"UNKNOWN",,,
"1","talagang",,"UNKNOWN",,,
"1","kumpanyang",,"UNKNOWN",,,
"2","pdi",,"UNKNOWN",,,
"1","physical",,"UNKNOWN",,,
"1","hai",,"UNKNOWN",,,
"1","gateway",,"UNKNOWN",,,
"2","visible",,"UNKNOWN",,,
"3","leakage",,"UNKNOWN",,,
"1","after_all",,"UNKNOWN",,,
"2","boi",,"UNKNOWN",,,
"1","cruise",,"UNKNOWN",,,
"1","krixia",,"UNKNOWN",,,
"1","mabayaran",,"UNKNOWN",,,
"1","pakikipag-ugnayan",,"UNKNOWN",,,
"1","milkfish",,"UNKNOWN",,,
"1","skimmers",,"UNKNOWN",,,
"1","aboard",,"UNKNOWN",,,
"2","widespread",,"UNKNOWN",,,
"5","tank",,"UNKNOWN",,,
"1","bang",,"UNKNOWN",,,
"4","climate",,"agent",,,
"128","pcg",,"UNKNOWN",,,
"1","vital",,"UNKNOWN",,,
"16","monitor",,"UNKNOWN",,,
"3","creat",,"UNKNOWN",,,
"2","run_into",,"UNKNOWN",,,
"1","mandatory",,"UNKNOWN",,,
"2","vbl",,"UNKNOWN",,,
"2","fulfill",,"UNKNOWN",,,
"1","ldf",,"UNKNOWN",,,
"2","pco",,"UNKNOWN",,,
"1","peninsula_state_university",,"organization",,,
"2","sign",,"UNKNOWN",,,
"1","refuse",,"UNKNOWN",,,
"2","fishponds",,"UNKNOWN",,,
"8","factors",,"UNKNOWN",,,
"1","pasalubong",,"UNKNOWN",,,
"1","assumptions",,"UNKNOWN",,,
"1","talks",,"UNKNOWN",,,
"2","kirk",,"UNKNOWN",,,
"19","day",,"UNKNOWN",,,
"98","philippines",,"UNKNOWN",,,
"2","crabs",,"UNKNOWN",,,
"10","large",,"UNKNOWN",,,
"3","hope",,"UNKNOWN",,,
"1","pare-parehas",,"UNKNOWN",,,
"3","val",,"UNKNOWN",,,
"2","insurance",,"UNKNOWN",,,
"1","magtry",,"UNKNOWN",,,
"3","bill",,"UNKNOWN",,,
"2","measure",,"UNKNOWN",,,
"2","companys",,"UNKNOWN",,,
"2","asthmatic",,"UNKNOWN",,,
"2","dispersant",,"UNKNOWN",,,
"8","evidence",,"UNKNOWN",,,
"2","legitimate",,"UNKNOWN",,,
"1","exercise",,"UNKNOWN",,,
"1","afloat",,"UNKNOWN",,,
"2","gloton",,"UNKNOWN",,,
"1","analysis",,"UNKNOWN",,,
"1","simulation",,"UNKNOWN",,,
"1","non-government",,"UNKNOWN",,,
"4","oil-wat",,"UNKNOWN",,,
"1","farm",,"UNKNOWN",,,
"22","response",,"UNKNOWN",,,
"1","nalayag",,"UNKNOWN",,,
"3","findings",,"UNKNOWN",,,
"1","statements",,"UNKNOWN",,,
"2","name",,"UNKNOWN",,,
"5","pay",,"UNKNOWN",,,
"1","locate",,"UNKNOWN",,,
"3","dispersants",,"UNKNOWN",,,
"1","complaint",,"UNKNOWN",,,
"1","activity",,"UNKNOWN",,,
"3","talk",,"UNKNOWN",,,
"2","sites",,"UNKNOWN",,,
"1","persists",,"UNKNOWN",,,
"5","law",,"UNKNOWN",,,
"1","pagsugpo",,"UNKNOWN",,,
"1","lessons",,"UNKNOWN",,,
"11","kasi",,"UNKNOWN",,,
"35","bfar",,"organization",,,
"3","pah",,"UNKNOWN",,,
"1","bans",,"UNKNOWN",,,
"2","depend",,"UNKNOWN",,,
"1","earth-observation",,"UNKNOWN",,,
"1","reimbursement",,"UNKNOWN",,,
"1","pai",,"UNKNOWN",,,
"12","empress",,"UNKNOWN",,,
"2","disrupt",,"UNKNOWN",,,
"11","photo",,"UNKNOWN",,,
"1","carry_on",,"UNKNOWN",,,
"1","—kg",,"UNKNOWN",,,
"6","photos",,"UNKNOWN",,,
"1","eastward",,"UNKNOWN",,,
"1","wider",,"UNKNOWN",,,
"16","carina",,"UNKNOWN",,,
"1","portions",,"UNKNOWN",,,
"6","nang",,"UNKNOWN",,,
"1","orient",,"UNKNOWN",,,
"1","mabuanbuan",,"UNKNOWN",,,
"2","coastlines",,"UNKNOWN",,,
"1","nuclear",,"unknown",,,
"1","forgone",,"UNKNOWN",,,
"5","source",,"UNKNOWN",,,
"2","retrieve",,"UNKNOWN",,,
"1","marinduque",,"UNKNOWN",,,
"1","farm-gate",,"UNKNOWN",,,
"1","box",,"UNKNOWN",,,
"2","improv",,"UNKNOWN",,,
"12","contamination",,"UNKNOWN",,,
"1","nasa",,"UNKNOWN",,,
"2","armando",,"UNKNOWN",,,
"3","harbor",,"UNKNOWN",,,
"2","reason",,"UNKNOWN",,,
"1","mary_jane",,"agent",,,
"68","carri",,"UNKNOWN",,,
"1","highlight",,"UNKNOWN",,,
"13","observ",,"UNKNOWN",,,
"1","nabubuksan",,"UNKNOWN",,,
"7","respond",,"UNKNOWN",,,
"2","verifi",,"UNKNOWN",,,
"2","ferreras",,"agent",,,
"3","spillage",,"UNKNOWN",,,
"1","carry",,"UNKNOWN",,,
"1","dispel",,"UNKNOWN",,,
"1","cut_off",,"UNKNOWN",,,
"14","ban",,"UNKNOWN",,,
"2","expedite",,"UNKNOWN",,,
"2","final",,"UNKNOWN",,,
"11","naman",,"UNKNOWN",,,
"3","transfer",,"UNKNOWN",,,
"1","paghahanap",,"UNKNOWN",,,
"2","nate",,"UNKNOWN",,,
"1","beef_up",,"UNKNOWN",,,
"1","mussels",,"UNKNOWN",,,
"1","bays",,"UNKNOWN",,,
"7","mobil",,"UNKNOWN",,,
"2","hold",,"UNKNOWN",,,
"12","privacy",,"UNKNOWN",,,
"2","hopes",,"UNKNOWN",,,
"7","bad",,"UNKNOWN",,,
"4","distribution",,"UNKNOWN",,,
"2","pencas",,"UNKNOWN",,,
"7","damages",,"UNKNOWN",,,
"1","tumaob",,"UNKNOWN",,,
"3","mangroves",,"UNKNOWN",,,
"1","routes",,"UNKNOWN",,,
"1","masantol",,"UNKNOWN",,,
"81","will",,"UNKNOWN",,,
"44","biodiversity_management_bureau_identifi_coastal",,"agent",,,
"2","bataans",,"UNKNOWN",,,
"1","velayo",,"UNKNOWN",,,
"1","bar",,"UNKNOWN",,,
"1","vegetable",,"UNKNOWN",,,
"3","compensate",,"UNKNOWN",,,
"1","foam",,"UNKNOWN",,,
"1","survivors",,"UNKNOWN",,,
"1","pinagdudusahan",,"UNKNOWN",,,
"34","incident",,"UNKNOWN",,,
"2","virtual",,"UNKNOWN",,,
"7","shore",,"UNKNOWN",,,
"2","rizal",,"UNKNOWN",,,
"1","tablas",,"UNKNOWN",,,
"1","tropical",,"UNKNOWN",,,
"5","benhur_abalos",,"agent",,,
"10","clear",,"UNKNOWN",,,
"1","kabila",,"UNKNOWN",,,
"1","ibebenta",,"UNKNOWN",,,
"6","clean",,"UNKNOWN",,,
"2","depot",,"UNKNOWN",,,
"1","saturday_news_forum",,"organization",,,
"2","joanna_rose_aglibot",,"agent",,,
"2","dispers",,"UNKNOWN",,,
"1","utensils",,"UNKNOWN",,,
"1","financial_aid",,"UNKNOWN",,,
"15","products",,"UNKNOWN",,,
"8","nations_development",,"agent",,,
"2","portion",,"UNKNOWN",,,
"3","nelson_david",,"agent",,,
"5","kawit",,"UNKNOWN",,,
"1","stay",,"UNKNOWN",,,
"1","peaceful",,"UNKNOWN",,,
"2","vendor",,"UNKNOWN",,,
"1","taon",,"UNKNOWN",,,
"1","green",,"UNKNOWN",,,
"1","exceed",,"UNKNOWN",,,
"2","star",,"agent",,,
"1","brings",,"UNKNOWN",,,
"3","antonia",,"UNKNOWN",,,
"1","dangerous",,"UNKNOWN",,,
"2","migratory",,"UNKNOWN",,,
"4","begun",,"UNKNOWN",,,
"1","metals",,"UNKNOWN",,,
"1","implements",,"UNKNOWN",,,
"1","insights",,"UNKNOWN",,,
"5","alon",,"UNKNOWN",,,
"1","tahong",,"UNKNOWN",,,
"4","method",,"UNKNOWN",,,
"1","partially",,"UNKNOWN",,,
"1","bagamat",,"UNKNOWN",,,
"1","cut",,"UNKNOWN",,,
"6","philsa",,"UNKNOWN",,,
"1","pananagutan",,"UNKNOWN",,,
"3","closely",,"UNKNOWN",,,
"4","interior",,"UNKNOWN",,,
"2","isidro",,"UNKNOWN",,,
"1","survivor",,"UNKNOWN",,,
"1","indefinite",,"UNKNOWN",,,
"2","ecosystem",,"UNKNOWN",,,
"1","difficulty",,"UNKNOWN",,,
"2","no-pay",,"UNKNOWN",,,
"1","starboard",,"UNKNOWN",,,
"2","type",,"UNKNOWN",,,
"3","p500",,"UNKNOWN",,,
"4","portavaga",,"UNKNOWN",,,
"1","fires",,"UNKNOWN",,,
"1","twitter",,"UNKNOWN",,,
"1","lubao",,"UNKNOWN",,,
"3","aquino",,"UNKNOWN",,,
"5","hit",,"UNKNOWN",,,
"1","family",,"UNKNOWN",,,
"1","p113",,"task",,,
"1","ply",,"UNKNOWN",,,
"2","stakeholders",,"UNKNOWN",,,
"1","presumption",,"UNKNOWN",,,
"1","census",,"UNKNOWN",,,
"1","inhalation",,"UNKNOWN",,,
"2","kilusang",,"UNKNOWN",,,
"1","fines",,"UNKNOWN",,,
"18","submerg",,"UNKNOWN",,,
"2","meant",,"UNKNOWN",,,
"1","kanyang",,"UNKNOWN",,,
"6","assist",,"UNKNOWN",,,
"1","enter",,"UNKNOWN",,,
"94","philippine_coast_guard",,"agent",,,
"19","team",,"agent",,,
"2","filipinos",,"UNKNOWN",,,
"1","litres",,"UNKNOWN",,,
"1","sadyang",,"UNKNOWN",,,
"1","sectors",,"UNKNOWN",,,
"1","reefs—and",,"UNKNOWN",,,
"2","depth",,"UNKNOWN",,,
"2","cooper",,"UNKNOWN",,,
"4","discov",,"UNKNOWN",,,
"1","amounts",,"UNKNOWN",,,
"1","panic",,"UNKNOWN",,,
"10","strong",,"UNKNOWN",,,
"3","flood",,"UNKNOWN",,,
"1","mahal",,"UNKNOWN",,,
"21","owner",,"UNKNOWN",,,
"2","lives",,"UNKNOWN",,,
"1","celine",,"UNKNOWN",,,
"1","malabon_city",,"location",,,
"1","guagua",,"UNKNOWN",,,
"1","hard-hit",,"UNKNOWN",,,
"4","grease",,"UNKNOWN",,,
"1","goods",,"UNKNOWN",,,
"1","reach_out",,"UNKNOWN",,,
"1","misinformation",,"UNKNOWN",,,
"2","resolution",,"unknown",,,
"2","mangrove",,"UNKNOWN",,,
"1","reassure",,"UNKNOWN",,,
"1","pagkonsumo",,"UNKNOWN",,,
"1","sundy",,"UNKNOWN",,,
"3","ubaldo",,"UNKNOWN",,,
"13","seal",,"UNKNOWN",,,
"2","path",,"UNKNOWN",,,
"1","hernando",,"UNKNOWN",,,
"1","iyang",,"UNKNOWN",,,
"1","pati",,"UNKNOWN",,,
"23","east",,"UNKNOWN",,,
"1","grappl",,"UNKNOWN",,,
"1","bid",,"UNKNOWN",,,
"2","political",,"UNKNOWN",,,
"3","validation",,"UNKNOWN",,,
"1","task",,"UNKNOWN",,,
"1","buildup",,"UNKNOWN",,,
"2","agreement",,"UNKNOWN",,,
"12","kung",,"unknown",,,
"1","wear_and_tear",,"UNKNOWN",,,
"1","pic",,"UNKNOWN",,,
"1","jochele",,"UNKNOWN",,,
"3","pass",,"UNKNOWN",,,
"31","environmental",,"UNKNOWN",,,
"1","cocoflexsorb",,"unknown",,,
"46","according_to",,"UNKNOWN",,,
"1","iniimbestigahan",,"UNKNOWN",,,
"12","plan",,"UNKNOWN",,,
"1","pin",,"UNKNOWN",,,
"1","parang",,"UNKNOWN",,,
"1","wife",,"UNKNOWN",,,
"1","salvag",,"UNKNOWN",,,
"1","set_in_motion",,"UNKNOWN",,,
"5","night",,"UNKNOWN",,,
"5","earn",,"UNKNOWN",,,
"3","energy",,"UNKNOWN",,,
"2","briguera",,"UNKNOWN",,,
"2","changes",,"UNKNOWN",,,
"18","gma",,"UNKNOWN",,,
"1","jocelyn",,"UNKNOWN",,,
"1","napapadpad",,"UNKNOWN",,,
"5","distribut",,"UNKNOWN",,,
"2","look_for",,"UNKNOWN",,,
"11","equipment",,"unknown",,,
"8","aside_from",,"UNKNOWN",,,
"2","manage",,"UNKNOWN",,,
"25","estim",,"UNKNOWN",,,
"1","accountability—were",,"UNKNOWN",,,
"1","maneuv",,"UNKNOWN",,,
"12","seas",,"UNKNOWN",,,
"1","adopt",,"UNKNOWN",,,
"1","baruya",,"UNKNOWN",,,
"1","quantity",,"UNKNOWN",,,
"1","oil-affect",,"UNKNOWN",,,
"6","tayo",,"UNKNOWN",,,
"1","supplies",,"UNKNOWN",,,
"1","responsibility",,"UNKNOWN",,,
"1","cook",,"UNKNOWN",,,
"1","prove",,"UNKNOWN",,,
"1","nagtatanong",,"UNKNOWN",,,
"1","limitasyon",,"UNKNOWN",,,
"9","rosario",,"UNKNOWN",,,
"2","look_at",,"UNKNOWN",,,
"1","bandang",,"UNKNOWN",,,
"1","heads",,"UNKNOWN",,,
"1","development_office",,"organization",,,
"4","yun",,"UNKNOWN",,,
"1","sanctions",,"UNKNOWN",,,
"1","61-year-old",,"UNKNOWN",,,
"2","models",,"UNKNOWN",,,
"1","deathtrap",,"UNKNOWN",,,
"4","dapat",,"unknown",,,
"1","standby",,"UNKNOWN",,,
"1","presyo",,"UNKNOWN",,,
"1","refloat",,"UNKNOWN",,,
"1","professor",,"UNKNOWN",,,
"2","seagrass",,"UNKNOWN",,,
"3","lot",,"UNKNOWN",,,
"2","sourc",,"UNKNOWN",,,
"1","imposible",,"UNKNOWN",,,
"1","low",,"UNKNOWN",,,
"2","general_public",,"UNKNOWN",,,
"2","sniff",,"UNKNOWN",,,
"1","malinaw",,"UNKNOWN",,,
"1","critic",,"UNKNOWN",,,
"4","graphic",,"UNKNOWN",,,
"1","ilog",,"UNKNOWN",,,
"2","paran",,"UNKNOWN",,,
"2","sought",,"UNKNOWN",,,
"1","plants",,"UNKNOWN",,,
"3","wildlife",,"UNKNOWN",,,
"1","on_the_way",,"UNKNOWN",,,
"2","difficult",,"UNKNOWN",,,
"1","beneficiary",,"UNKNOWN",,,
"1","ensur",,"UNKNOWN",,,
"6","captain",,"UNKNOWN",,,
"1","marami",,"UNKNOWN",,,
"1","businessman",,"UNKNOWN",,,
"7","mt_jason_bradley",,"agent",,,
"16","vicinity",,"UNKNOWN",,,
"3","best",,"UNKNOWN",,,
"1","gawa",,"UNKNOWN",,,
"1","malalak",,"UNKNOWN",,,
"2","polycyclic",,"UNKNOWN",,,
"4","complet",,"UNKNOWN",,,
"5","site",,"UNKNOWN",,,
"4","currents",,"UNKNOWN",,,
"1","boodle",,"UNKNOWN",,,
"1","—_bataan",,"UNKNOWN",,,
"1","norma_david",,"agent",,,
"2","medical_attention",,"UNKNOWN",,,
"4","come",,"UNKNOWN",,,
"1","nagbebenta",,"UNKNOWN",,,
"1","seep",,"UNKNOWN",,,
"1","drums",,"UNKNOWN",,,
"2","dagat",,"UNKNOWN",,,
"4","agence",,"UNKNOWN",,,
"1","coma",,"UNKNOWN",,,
"2","material",,"UNKNOWN",,,
"1","panay",,"UNKNOWN",,,
"4","seek",,"UNKNOWN",,,
"2","presence",,"UNKNOWN",,,
"1","factors—includ",,"UNKNOWN",,,
"1","kakasuhan",,"UNKNOWN",,,
"5","experienc",,"UNKNOWN",,,
"1","south",,"UNKNOWN",,,
"1","defend",,"UNKNOWN",,,
"2","fisherman",,"UNKNOWN",,,
"16","week",,"UNKNOWN",,,
"1","unload",,"UNKNOWN",,,
"5","harmful",,"UNKNOWN",,,
"6","metro_manila",,"agent",,,
"1","percent",,"UNKNOWN",,,
"4","graphic_ed_lustan",,"agent",,,
"1","melivo",,"unknown",,,
"4","science",,"UNKNOWN",,,
"1","pse",,"UNKNOWN",,,
"4","courtesy",,"UNKNOWN",,,
"11","metal",,"UNKNOWN",,,
"1","in_relation_to",,"UNKNOWN",,,
"5","control",,"UNKNOWN",,,
"64","vessel",,"UNKNOWN",,,
"1","kanila",,"UNKNOWN",,,
"3","condition",,"UNKNOWN",,,
"13","mindoro",,"UNKNOWN",,,
"2","economy",,"UNKNOWN",,,
"2","prolong",,"UNKNOWN",,,
"1","umalis",,"UNKNOWN",,,
"6","possibility",,"UNKNOWN",,,
"1","humans",,"UNKNOWN",,,
"8","urg",,"UNKNOWN",,,
"2","period",,"UNKNOWN",,,
"10","cost",,"agent",,,
"5","economic",,"UNKNOWN",,,
"1","imperils",,"UNKNOWN",,,
"136","—_cavite_government_jonvic_remulla",,"UNKNOWN",,,
"1","philippines—as",,"UNKNOWN",,,
"1","necessit",,"UNKNOWN",,,
"1","take_place",,"UNKNOWN",,,
"3","english",,"UNKNOWN",,,
"1","trade_industry",,"agent",,,
"20","fisheries",,"UNKNOWN",,,
"1","ventur",,"UNKNOWN",,,
"7","cap",,"UNKNOWN",,,
"1","children",,"UNKNOWN",,,
"55","ferdinand_marcos_jr",,"agent",,,
"2","pinsalang",,"UNKNOWN",,,
"4","corp",,"agent",,,
"1","struck",,"UNKNOWN",,,
"1","introduc",,"UNKNOWN",,,
"7","hagonoy",,"UNKNOWN",,,
"10","initially",,"UNKNOWN",,,
"1","kasalanan",,"UNKNOWN",,,
"6","announc",,"UNKNOWN",,,
"2","wetland",,"UNKNOWN",,,
"1","ravag",,"UNKNOWN",,,
"5","ships_co",,"organization",,,
"3","expos",,"UNKNOWN",,,
"1","replied",,"UNKNOWN",,,
"1","tiyakin",,"UNKNOWN",,,
"3","fabric",,"UNKNOWN",,,
"1","attention",,"UNKNOWN",,,
"1","uncertainty",,"UNKNOWN",,,
"1","lumipat",,"UNKNOWN",,,
"2","tinatawag",,"UNKNOWN",,,
"1","eight-man",,"UNKNOWN",,,
"1","sea—a",,"UNKNOWN",,,
"4","regular",,"UNKNOWN",,,
"1","tubig",,"task",,,
"1","northern_luzon",,"agent",,,
"2","barkong",,"UNKNOWN",,,
"3","arambulo",,"UNKNOWN",,,
"29","diesel",,"UNKNOWN",,,
"25","fishermen",,"UNKNOWN",,,
"4","siya",,"UNKNOWN",,,
"1","panlalawigan",,"UNKNOWN",,,
"2","coverage",,"UNKNOWN",,,
"2","regional",,"UNKNOWN",,,
"1","guerrero",,"UNKNOWN",,,
"9","sensory",,"UNKNOWN",,,
"1","alvin",,"UNKNOWN",,,
"1","chandler",,"UNKNOWN",,,
"1","increase",,"UNKNOWN",,,
"1","sierra",,"UNKNOWN",,,
"1","dost",,"UNKNOWN",,,
"5","latest",,"UNKNOWN",,,
"2","involvement",,"UNKNOWN",,,
"1","craft",,"UNKNOWN",,,
"3","person",,"UNKNOWN",,,
"10","tugboat",,"UNKNOWN",,,
"4","respond_to",,"UNKNOWN",,,
"2","arnel_de_mesa",,"agent",,,
"1","ties",,"UNKNOWN",,,
"7","people",,"UNKNOWN",,,
"4","corporation",,"UNKNOWN",,,
"14","avoid",,"UNKNOWN",,,
"1","eleonor",,"UNKNOWN",,,
"1","silently",,"UNKNOWN",,,
"1","sustain",,"UNKNOWN",,,
"7","income",,"UNKNOWN",,,
"106","liters",,"UNKNOWN",,,
"1","consolid",,"UNKNOWN",,,
"1","surviv",,"UNKNOWN",,,
"2","focus",,"UNKNOWN",,,
"3","bottles",,"UNKNOWN",,,
"1","brg",,"UNKNOWN",,,
"3","lgu",,"UNKNOWN",,,
"1","platform",,"UNKNOWN",,,
"4","habitats",,"UNKNOWN",,,
"1","admissions",,"UNKNOWN",,,
"5","hours",,"UNKNOWN",,,
"3","brp",,"UNKNOWN",,,
"5","operational",,"UNKNOWN",,,
"1","uno",,"UNKNOWN",,,
"43","coastal",,"UNKNOWN",,,
"2","goal",,"UNKNOWN",,,
"13","prepar",,"UNKNOWN",,,
"3","huge",,"UNKNOWN",,,
"2","mswdo",,"UNKNOWN",,,
"3","sheens",,"UNKNOWN",,,
"1","simul",,"UNKNOWN",,,
"7","slicks",,"UNKNOWN",,,
"4","onslaught",,"UNKNOWN",,,
"1","conventions",,"UNKNOWN",,,
"1","radius",,"UNKNOWN",,,
"2","beneficiaries",,"UNKNOWN",,,
"1","environmentalists",,"UNKNOWN",,,
"1","inspect",,"UNKNOWN",,,
"1","ostr",,"UNKNOWN",,,
"7","port",,"unknown",,,
"1","suddenly",,"UNKNOWN",,,
"9","jose_enrique_garcia",,"agent",,,
"1","put",,"UNKNOWN",,,
"2","remove",,"UNKNOWN",,,
"2","aque",,"UNKNOWN",,,
"2","secure",,"UNKNOWN",,,
"6","gavan",,"UNKNOWN",,,
"1","philippine_institute",,"organization",,,
"1","dredger",,"UNKNOWN",,,
"8","pose",,"UNKNOWN",,,
"1","titignan",,"unknown",,,
"7","transport",,"UNKNOWN",,,
"10","sell",,"UNKNOWN",,,
"1","capacity",,"UNKNOWN",,,
"3","set_sail",,"UNKNOWN",,,
"7","reporters",,"UNKNOWN",,,
"2","sangkot",,"UNKNOWN",,,
"1","towns—cavite_city",,"UNKNOWN",,,
"3","post",,"UNKNOWN",,,
"7","cases",,"UNKNOWN",,,
"1","compos",,"UNKNOWN",,,
"1","pavilion",,"UNKNOWN",,,
"2","return",,"UNKNOWN",,,
"1","stockholders",,"UNKNOWN",,,
"1","patungkol",,"UNKNOWN",,,
"2","tick",,"UNKNOWN",,,
"3","degree",,"UNKNOWN",,,
"1","predictably",,"UNKNOWN",,,
"1","lea",,"UNKNOWN",,,
"5","radio",,"UNKNOWN",,,
"1","diyan",,"UNKNOWN",,,
"2","bui",,"UNKNOWN",,,
"1","sorbent",,"UNKNOWN",,,
"15","sila",,"UNKNOWN",,,
"6","taxes",,"UNKNOWN",,,
"8","despite",,"unknown",,,
"1","be_in",,"UNKNOWN",,,
"2","govt",,"UNKNOWN",,,
"1","nitong",,"UNKNOWN",,,
"1","concentrate",,"UNKNOWN",,,
"1","undp",,"unknown",,,
"1","mystery",,"UNKNOWN",,,
"1","buy",,"UNKNOWN",,,
"1","alas",,"UNKNOWN",,,
"6","kami",,"UNKNOWN",,,
"1","travel",,"UNKNOWN",,,
"1","alam",,"UNKNOWN",,,
"3","cordero",,"UNKNOWN",,,
"1","act_as",,"UNKNOWN",,,
"1","resident",,"UNKNOWN",,,
"1","tinukoy",,"UNKNOWN",,,
"2","beaches",,"UNKNOWN",,,
"1","no-sell",,"UNKNOWN",,,
"3","kame",,"UNKNOWN",,,
"1","buong",,"UNKNOWN",,,
"1","kaugnayan",,"UNKNOWN",,,
"1","5-hectare",,"UNKNOWN",,,
"3","survey",,"UNKNOWN",,,
"1","longer",,"UNKNOWN",,,
"1","specializes",,"UNKNOWN",,,
"3","bulakan",,"UNKNOWN",,,
"1","effectively",,"UNKNOWN",,,
"1","connection",,"UNKNOWN",,,
"2","itopf",,"UNKNOWN",,,
"1","ipapakita",,"UNKNOWN",,,
"5","task_force",,"UNKNOWN",,,
"4","majority",,"UNKNOWN",,,
"1","stronger",,"UNKNOWN",,,
"1","makisig",,"UNKNOWN",,,
"16","sink",,"UNKNOWN",,,
"1","strip",,"UNKNOWN",,,
"7","shipown",,"UNKNOWN",,,
"1","sino",,"UNKNOWN",,,
"1","jump",,"UNKNOWN",,,
"3","—with",,"UNKNOWN",,,
"30","yung",,"UNKNOWN",,,
"1","beds",,"UNKNOWN",,,
"1","stories",,"unknown",,,
"1","season",,"UNKNOWN",,,
"1","calamities",,"UNKNOWN",,,
"17","seafood",,"UNKNOWN",,,
"6","stretch",,"UNKNOWN",,,
"1","nage",,"UNKNOWN",,,
"1","stormy_weath",,"UNKNOWN",,,
"2","biodiversity_management_bureau",,"organization",,,
"1","boatmen",,"UNKNOWN",,,
"6","exposure",,"UNKNOWN",,,
"1","paano",,"UNKNOWN",,,
"1","inspector",,"UNKNOWN",,,
"1","reield",,"UNKNOWN",,,
"1","unpumpable",,"UNKNOWN",,,
"2","purpose",,"UNKNOWN",,,
"1","north",,"UNKNOWN",,,
"9","evaluation",,"UNKNOWN",,,
"2","dependent_on",,"UNKNOWN",,,
"4","oil_pollution_compensation_act",,"agent",,,
"1","hopeful",,"UNKNOWN",,,
"212","pcg_bataan_station_command",,"agent",,,
"1","trader",,"UNKNOWN",,,
"24","oil_spill",,"agent",,,
"4","tilapia",,"UNKNOWN",,,
"1","wrongdoings",,"UNKNOWN",,,
"2","minalin",,"UNKNOWN",,,
"3","detect",,"UNKNOWN",,,
"3","university",,"agent",,,
"1","up-msi",,"UNKNOWN",,,
"6","potential",,"UNKNOWN",,,
"7","aerial",,"UNKNOWN",,,
"1","oil-cov",,"UNKNOWN",,,
"3","dependence",,"UNKNOWN",,,
"2","pipes",,"UNKNOWN",,,
"1","city—areas",,"UNKNOWN",,,
"1","ayos",,"UNKNOWN",,,
"4","rear_admiral_armando_balilo",,"agent",,,
"2","wetlands",,"UNKNOWN",,,
"1","agre",,"UNKNOWN",,,
"1","chances",,"UNKNOWN",,,
"2","subject_to",,"UNKNOWN",,,
"1","municipal",,"UNKNOWN",,,
"7","prices",,"UNKNOWN",,,
"1","nauna",,"UNKNOWN",,,
"12","greenpeace",,"UNKNOWN",,,
"2","complic",,"UNKNOWN",,,
"8","bags",,"UNKNOWN",,,
"1","man-made",,"UNKNOWN",,,
"1","storage",,"UNKNOWN",,,
"4","river",,"UNKNOWN",,,
"2","berth",,"UNKNOWN",,,
"1","east_asia",,"location",,,
"20","mtkr",,"UNKNOWN",,,
"2","portavagas",,"UNKNOWN",,,
"2","gaano",,"UNKNOWN",,,
"22","communities",,"UNKNOWN",,,
"1","portvaga",,"UNKNOWN",,,
"3","store",,"UNKNOWN",,,
"4","bunker",,"UNKNOWN",,,
"1","mong",,"UNKNOWN",,,
"8","threat",,"UNKNOWN",,,
"1","reefs",,"UNKNOWN",,,
"1","mabisang",,"UNKNOWN",,,
"24","kilometers",,"UNKNOWN",,,
"5","challeng",,"UNKNOWN",,,
"1","storm",,"UNKNOWN",,,
"2","magkakaroon",,"UNKNOWN",,,
"1","story",,"UNKNOWN",,,
"1","put_up",,"UNKNOWN",,,
"1","cyclone",,"UNKNOWN",,,
"1","sorely",,"UNKNOWN",,,
"2","chemical",,"UNKNOWN",,,
"2","laws",,"UNKNOWN",,,
"6","deem",,"UNKNOWN",,,
"1","pumps",,"UNKNOWN",,,
"4","dswd",,"UNKNOWN",,,
"13","sail",,"UNKNOWN",,,
"52","government",,"agent",,,
"1","storms",,"UNKNOWN",,,
"1","kumain",,"UNKNOWN",,,
"6","deep",,"UNKNOWN",,,
"6","ramos",,"UNKNOWN",,,
"3","oil-contamin",,"UNKNOWN",,,
"1","wreak",,"UNKNOWN",,,
"4","lustan",,"UNKNOWN",,,
"1","enforc",,"UNKNOWN",,,
"7","engine",,"UNKNOWN",,,
"1","stench",,"UNKNOWN",,,
"11","image",,"UNKNOWN",,,
"12","effects",,"UNKNOWN",,,
"23","miles",,"UNKNOWN",,,
"5","amid",,"UNKNOWN",,,
"2","magig",,"UNKNOWN",,,
"1","volunt",,"UNKNOWN",,,
"1","dahilan",,"UNKNOWN",,,
"4","projects",,"UNKNOWN",,,
"1","all_the_way",,"UNKNOWN",,,
"1","aim",,"UNKNOWN",,,
"2","struggle",,"UNKNOWN",,,
"1","averse",,"UNKNOWN",,,
"2","air",,"UNKNOWN",,,
"7","eat",,"UNKNOWN",,,
"4","senator",,"UNKNOWN",,,
"1","mechanisms",,"UNKNOWN",,,
"1","review",,"UNKNOWN",,,
"2","go",,"UNKNOWN",,,
"5","municipalities",,"UNKNOWN",,,
"7","continues",,"UNKNOWN",,,
"1","technologys",,"unknown",,,
"1","absolv",,"UNKNOWN",,,
"6","petroleum",,"UNKNOWN",,,
"5","deploy",,"UNKNOWN",,,
"6","aid",,"UNKNOWN",,,
"1","fretti",,"UNKNOWN",,,
"1","allegation",,"UNKNOWN",,,
"1","de",,"UNKNOWN",,,
"1","istruktura",,"UNKNOWN",,,
"1","melvin",,"unknown",,,
"2","extensive",,"UNKNOWN",,,
"13","cabcaben",,"UNKNOWN",,,
"1","nag-capsize",,"UNKNOWN",,,
"17","di",,"UNKNOWN",,,
"1","mae",,"UNKNOWN",,,
"3","associ",,"UNKNOWN",,,
"3","atin",,"UNKNOWN",,,
"3","map",,"UNKNOWN",,,
"4","sheen",,"UNKNOWN",,,
"6","current",,"UNKNOWN",,,
"1","write",,"UNKNOWN",,,
"1","—international",,"UNKNOWN",,,
"8","left",,"UNKNOWN",,,
"1","mas",,"UNKNOWN",,,
"5","disastrous",,"UNKNOWN",,,
"1","logistics",,"UNKNOWN",,,
"1","loom",,"UNKNOWN",,,
"4","philippine_space_agency",,"organization",,,
"1","man",,"UNKNOWN",,,
"2","targets",,"UNKNOWN",,,
"1","dr",,"UNKNOWN",,,
"2","install",,"UNKNOWN",,,
"14","safe",,"UNKNOWN",,,
"1","beat",,"UNKNOWN",,,
"4","transfers",,"UNKNOWN",,,
"1","debt",,"UNKNOWN",,,
"2","ey",,"UNKNOWN",,,
"2","organizations",,"UNKNOWN",,,
"5","yulo-loyzaga",,"UNKNOWN",,,
"1","turtles",,"UNKNOWN",,,
"1","operator",,"UNKNOWN",,,
"3","eh",,"UNKNOWN",,,
"2","retailers",,"UNKNOWN",,,
"1","julius_victor",,"agent",,,
"1","starts",,"UNKNOWN",,,
"2","ei",,"UNKNOWN",,,
"1","at_fault",,"UNKNOWN",,,
"3","volume",,"UNKNOWN",,,
"8","deploi",,"UNKNOWN",,,
"1","successful",,"UNKNOWN",,,
"2","ginawa",,"unknown",,,
"2","ago",,"UNKNOWN",,,
"3","taint",,"UNKNOWN",,,
"1","assessments",,"UNKNOWN",,,
"1","aol",,"UNKNOWN",,,
"1","normal",,"UNKNOWN",,,
"1","bentahan",,"UNKNOWN",,,
"2","tragedy",,"UNKNOWN",,,
"3","long",,"UNKNOWN",,,
"1","asian",,"UNKNOWN",,,
"27","conduct",,"UNKNOWN",,,
"1","deal",,"UNKNOWN",,,
"3","fishpond",,"UNKNOWN",,,
"3","future",,"UNKNOWN",,,
"1","bm",,"UNKNOWN",,,
"1","oclock",,"UNKNOWN",,,
"2","ano",,"UNKNOWN",,,
"2","inter-agency",,"UNKNOWN",,,
"1","gill",,"UNKNOWN",,,
"5","dead",,"UNKNOWN",,,
"1","depends",,"UNKNOWN",,,
"4","aims",,"UNKNOWN",,,
"3","financial",,"UNKNOWN",,,
"1","30-kilomet",,"UNKNOWN",,,
"1","villagers",,"UNKNOWN",,,
"47","ang",,"UNKNOWN",,,
"1","engines",,"UNKNOWN",,,
"1","disclos",,"UNKNOWN",,,
"1","stress",,"UNKNOWN",,,
"2","ifo",,"UNKNOWN",,,
"1","strictly",,"UNKNOWN",,,
"2","learn",,"UNKNOWN",,,
"1","kumikita",,"UNKNOWN",,,
"1","drain",,"UNKNOWN",,,
"1","interim",,"UNKNOWN",,,
"14","samples",,"UNKNOWN",,,
"1","maaari",,"UNKNOWN",,,
"1","canillos",,"UNKNOWN",,,
"2","cg",,"UNKNOWN",,,
"3","securities",,"UNKNOWN",,,
"1","nakalutang",,"UNKNOWN",,,
"2","lend",,"UNKNOWN",,,
"3","armand",,"UNKNOWN",,,
"15","collect",,"UNKNOWN",,,
"1","enforcement",,"UNKNOWN",,,
"3","kahit",,"UNKNOWN",,,
"2","destruction",,"UNKNOWN",,,
"1","expects",,"UNKNOWN",,,
"4","coastline",,"UNKNOWN",,,
"2","recommend",,"UNKNOWN",,,
"1","may_kinalaman_ba",,"agent",,,
"1","sister",,"UNKNOWN",,,
"4","hectares",,"UNKNOWN",,,
"4","met",,"UNKNOWN",,,
"2","collabor",,"UNKNOWN",,,
"1","hands",,"UNKNOWN",,,
"1","namimili",,"UNKNOWN",,,
"5","regist",,"UNKNOWN",,,
"3","palawan",,"UNKNOWN",,,
"9","members",,"UNKNOWN",,,
"2","sample",,"UNKNOWN",,,
"2","earnings",,"UNKNOWN",,,
"1","parallel",,"UNKNOWN",,,
"1","houses",,"UNKNOWN",,,
"4","fishery",,"UNKNOWN",,,
"1","pananagutang",,"UNKNOWN",,,
"15","ay",,"UNKNOWN",,,
"1","speed",,"UNKNOWN",,,
"1","endur",,"UNKNOWN",,,
"1","metro",,"UNKNOWN",,,
"1","boats",,"UNKNOWN",,,
"5","at",,"UNKNOWN",,,
"1","donat",,"UNKNOWN",,,
"5","maria_antonia_yulo-loyzaga",,"agent",,,
"2","refineries",,"UNKNOWN",,,
"1","ak",,"UNKNOWN",,,
"1","sabi",,"UNKNOWN",,,
"2","secur",,"UNKNOWN",,,
"2","am",,"UNKNOWN",,,
"2","spreads",,"UNKNOWN",,,
"2","cooperative",,"UNKNOWN",,,
"1","ako",,"UNKNOWN",,,
"1","tagayong",,"UNKNOWN",,,
"6","yan",,"UNKNOWN",,,
"6","ad",,"UNKNOWN",,,
"12","fishers",,"UNKNOWN",,,
"3","unregist",,"UNKNOWN",,,
"1","forget",,"UNKNOWN",,,
"4","rains",,"UNKNOWN",,,
"2","p7",,"UNKNOWN",,,
"1","ayoko",,"UNKNOWN",,,
"1","refinery",,"UNKNOWN",,,
"1","daniel",,"UNKNOWN",,,
"2","saan",,"UNKNOWN",,,
"2","p5",,"UNKNOWN",,,
"1","employment",,"UNKNOWN",,,
"2","radyo",,"UNKNOWN",,,
"1","p2",,"UNKNOWN",,,
"2","gallons",,"UNKNOWN",,,
"7","p1",,"UNKNOWN",,,
"1","onset",,"UNKNOWN",,,
"5","determine",,"UNKNOWN",,,
"1","sustainable",,"UNKNOWN",,,
"1","editors",,"UNKNOWN",,,
"10","doon",,"UNKNOWN",,,
"1","relasyon",,"UNKNOWN",,,
"1","deterior",,"UNKNOWN",,,
"1","matataranta",,"UNKNOWN",,,
"2","correct",,"UNKNOWN",,,
"1","alright",,"UNKNOWN",,,
"5","activities",,"UNKNOWN",,,
"1","fully",,"UNKNOWN",,,
"1","nung",,"unknown",,,
"5","move",,"UNKNOWN",,,
"4","deni",,"UNKNOWN",,,
"1","in_sight",,"UNKNOWN",,,
"1","limit",,"UNKNOWN",,,
"1","animals",,"UNKNOWN",,,
"1","pemsea",,"UNKNOWN",,,
"54","—_fish",,"UNKNOWN",,,
"2","questions",,"UNKNOWN",,,
"1","monthly",,"UNKNOWN",,,
"1","todays",,"UNKNOWN",,,
"4","composite",,"UNKNOWN",,,
"2","go_back",,"UNKNOWN",,,
"3","no-cure",,"UNKNOWN",,,
"2","threaten",,"UNKNOWN",,,
"2","underwat",,"UNKNOWN",,,
"1","committee",,"UNKNOWN",,,
"11","pa",,"UNKNOWN",,,
"3","underway",,"UNKNOWN",,,
"2","reputable",,"UNKNOWN",,,
"5","month",,"UNKNOWN",,,
"4","pm",,"UNKNOWN",,,
"1","malamang",,"UNKNOWN",,,
"2","bodies",,"UNKNOWN",,,
"1","counts",,"UNKNOWN",,,
"30","po",,"UNKNOWN",,,
"2","delay",,"UNKNOWN",,,
"1","comment",,"UNKNOWN",,,
"1","tragedies",,"UNKNOWN",,,
"2","ph",,"UNKNOWN",,,
"1","small",,"UNKNOWN",,,
"2","expert",,"UNKNOWN",,,
"2","sellers",,"UNKNOWN",,,
"1","shipyards",,"UNKNOWN",,,
"1","astronomical",,"UNKNOWN",,,
"4","series",,"UNKNOWN",,,
"4","early_thursday",,"agent",,,
"3","united_states_coast_guard",,"agent",,,
"3","reportedly",,"UNKNOWN",,,
"1","strain",,"UNKNOWN",,,
"36","crew",,"UNKNOWN",,,
"1","p908",,"unknown",,,
"1","jennif",,"UNKNOWN",,,
"1","necessity",,"UNKNOWN",,,
"2","lt",,"UNKNOWN",,,
"1","strait",,"UNKNOWN",,,
"1","kumpanya",,"UNKNOWN",,,
"7","surround",,"UNKNOWN",,,
"1","aregluhan",,"UNKNOWN",,,
"12","spills",,"UNKNOWN",,,
"1","crafts",,"UNKNOWN",,,
"4","up_to",,"UNKNOWN",,,
"1","100-meter",,"UNKNOWN",,,
"6","southwest",,"unknown",,,
"1","southward",,"UNKNOWN",,,
"9","situation",,"UNKNOWN",,,
"1","toni_yulo-loyzaga",,"agent",,,
"1","siphone",,"UNKNOWN",,,
"5","mo",,"UNKNOWN",,,
"1","karga",,"UNKNOWN",,,
"1","subsequent",,"UNKNOWN",,,
"2","amoy",,"UNKNOWN",,,
"5","mv",,"UNKNOWN",,,
"4","catastrophe",,"UNKNOWN",,,
"10","representatives",,"UNKNOWN",,,
"1","dvm",,"UNKNOWN",,,
"1","breakwat",,"UNKNOWN",,,
"1","philippine_atmospheric",,"agent",,,
"7","jesus_crispin_remulla",,"agent",,,
"4","additional",,"UNKNOWN",,,
"1","players",,"UNKNOWN",,,
"1","precautions",,"UNKNOWN",,,
"2","account",,"UNKNOWN",,,
"60","ng",,"UNKNOWN",,,
"1","ni",,"UNKNOWN",,,
"1","bernadette",,"UNKNOWN",,,
"4","barangays",,"UNKNOWN",,,
"8","pamalakaya",,"UNKNOWN",,,
"1","determinations",,"UNKNOWN",,,
"1","mangingisdang",,"UNKNOWN",,,
"3","afp",,"UNKNOWN",,,
"1","markup",,"UNKNOWN",,,
"11","technology",,"UNKNOWN",,,
"2","individual",,"UNKNOWN",,,
"1","marilao",,"UNKNOWN",,,
"1","upcom",,"UNKNOWN",,,
"1","spill—were",,"UNKNOWN",,,
"3","accountability",,"UNKNOWN",,,
"1","napatakbo",,"UNKNOWN",,,
"2","notic",,"UNKNOWN",,,
"4","atmospheric_administration",,"organization",,,
"2","—richard",,"UNKNOWN",,,
"1","regularly",,"UNKNOWN",,,
"1","rehistro",,"UNKNOWN",,,
"7","morn",,"UNKNOWN",,,
"2","lash",,"UNKNOWN",,,
"6","ternate",,"agent",,,
"22","investigation",,"agent",,,
"1","cesar",,"UNKNOWN",,,
"5","grounds",,"UNKNOWN",,,
"2","gerald",,"UNKNOWN",,,
"4","live",,"UNKNOWN",,,
"1","reiterate",,"UNKNOWN",,,
"4","tulong",,"UNKNOWN",,,
"1","lots",,"UNKNOWN",,,
"2","inq",,"UNKNOWN",,,
"1","habang",,"UNKNOWN",,,
"2","pollutants",,"UNKNOWN",,,
"2","marine_science_institute",,"organization",,,
"1","ko",,"UNKNOWN",,,
"120","spill",,"UNKNOWN",,,
"1","kawawa",,"UNKNOWN",,,
"1","gabi",,"UNKNOWN",,,
"1","loud",,"UNKNOWN",,,
"1","permanent",,"UNKNOWN",,,
"5","rely_on",,"UNKNOWN",,,
"3","late",,"UNKNOWN",,,
"2","pineda",,"UNKNOWN",,,
"2","eastern",,"UNKNOWN",,,
"4","ssci",,"UNKNOWN",,,
"1","lawyer",,"UNKNOWN",,,
"1","roll-on",,"UNKNOWN",,,
"1","7-day",,"UNKNOWN",,,
"1","khyle",,"unknown",,,
"4","lost",,"UNKNOWN",,,
"3","loss",,"UNKNOWN",,,
"2","umabot",,"UNKNOWN",,,
"2","delai",,"UNKNOWN",,,
"1","moor",,"UNKNOWN",,,
"2","adm",,"UNKNOWN",,,
"1","escalates",,"UNKNOWN",,,
"2","limitations",,"UNKNOWN",,,
"4","improve",,"UNKNOWN",,,
"1","onsite",,"UNKNOWN",,,
"1","nahirapan",,"UNKNOWN",,,
"12","contamin",,"UNKNOWN",,,
"3","extent",,"UNKNOWN",,,
"2","conservation",,"UNKNOWN",,,
"1","husk",,"UNKNOWN",,,
"1","agenda",,"UNKNOWN",,,
"1","waterbird",,"UNKNOWN",,,
"1","philippine_coast_guard_spokesperson",,"agent",,,
"6","locat",,"UNKNOWN",,,
"4","afternoon",,"UNKNOWN",,,
"3","extend",,"UNKNOWN",,,
"1","violation",,"UNKNOWN",,,
"1","fabrication",,"UNKNOWN",,,
"2","ayaw",,"UNKNOWN",,,
"6","agency",,"UNKNOWN",,,
"1","destructive",,"UNKNOWN",,,
"2","transition",,"UNKNOWN",,,
"1","kesyo",,"UNKNOWN",,,
"6","list",,"UNKNOWN",,,
"2","dole",,"UNKNOWN",,,
"1","customers",,"UNKNOWN",,,
"1","senates",,"UNKNOWN",,,
"1","bulletins",,"UNKNOWN",,,
"7","naujan",,"UNKNOWN",,,
"10","human",,"UNKNOWN",,,
"1","samahan",,"UNKNOWN",,,
"2","lose",,"UNKNOWN",,,
"1","quotes",,"UNKNOWN",,,
"1","absorb",,"UNKNOWN",,,
"1","removes",,"UNKNOWN",,,
"1","featur",,"UNKNOWN",,,
"1","us_coast_guard",,"agent",,,
"5","malolos",,"agent",,,
"21","local",,"UNKNOWN",,,
"1","hearings",,"UNKNOWN",,,
"1","gma_news_online",,"agent",,,
"2","reclamation",,"UNKNOWN",,,
"7","minimal",,"UNKNOWN",,,
"1","advisable",,"UNKNOWN",,,
"2","villages",,"UNKNOWN",,,
"5","corregidor",,"UNKNOWN",,,
"1","dot",,"UNKNOWN",,,
"1","dos",,"UNKNOWN",,,
"2","assistant",,"UNKNOWN",,,
"1","daang",,"UNKNOWN",,,
"1","syndicates",,"UNKNOWN",,,
"1","iba-ibang",,"UNKNOWN",,,
"1","absorbent",,"UNKNOWN",,,
"4","place",,"UNKNOWN",,,
"1","urges",,"UNKNOWN",,,
"1","pamahalaan",,"UNKNOWN",,,
"9","international",,"UNKNOWN",,,
"1","contaminant",,"UNKNOWN",,,
"2","journey",,"UNKNOWN",,,
"3","builders",,"UNKNOWN",,,
"2","bacoor_city",,"location",,,
"6","raul_vasquez",,"agent",,,
"1","stacks",,"UNKNOWN",,,
"2","severely",,"UNKNOWN",,,
"2","kilograms",,"UNKNOWN",,,
"21","aquatic_resources",,"agent",,,
"4","management_council",,"organization",,,
"4","investigate",,"UNKNOWN",,,
"3","hot",,"UNKNOWN",,,
"4","load",,"UNKNOWN",,,
"4","nearby",,"UNKNOWN",,,
"1","step_up",,"UNKNOWN",,,
"2","readi",,"UNKNOWN",,,
"2","waterway",,"UNKNOWN",,,
"1","trends",,"UNKNOWN",,,
"3","increas",,"UNKNOWN",,,
"6","owns",,"UNKNOWN",,,
"1","on-ground",,"UNKNOWN",,,
"1","assurance",,"UNKNOWN",,,
"2","harm",,"UNKNOWN",,,
"116","mt_mary_anne",,"agent",,,
"7","shogun_ships_company",,"organization",,,
"3","events",,"UNKNOWN",,,
"1","nawawala",,"UNKNOWN",,,
"1","plung",,"UNKNOWN",,,
"7","data",,"UNKNOWN",,,
"2","sinadya",,"UNKNOWN",,,
"1","brought",,"UNKNOWN",,,
"1","full-blown",,"UNKNOWN",,,
"1","date",,"UNKNOWN",,,
"1","mouths",,"UNKNOWN",,,
"2","malaman",,"UNKNOWN",,,
"1","kaligtasan",,"UNKNOWN",,,
"1","crewman",,"UNKNOWN",,,
"7","pero",,"UNKNOWN",,,
"1","havoc",,"UNKNOWN",,,
"4","critical",,"UNKNOWN",,,
"2","leads",,"UNKNOWN",,,
"1","easy",,"UNKNOWN",,,
"1","numbers",,"UNKNOWN",,,
"1","reply",,"UNKNOWN",,,
"1","hard",,"UNKNOWN",,,
"1","ability",,"UNKNOWN",,,
"2","time-consum",,"UNKNOWN",,,
"1","initiative",,"UNKNOWN",,,
"4","silang",,"UNKNOWN",,,
"1","payment",,"UNKNOWN",,,
"4","previous",,"UNKNOWN",,,
"1","trips",,"UNKNOWN",,,
"3","park",,"UNKNOWN",,,
"24","booms",,"UNKNOWN",,,
"10","bradley",,"agent",,,
"1","settlement",,"UNKNOWN",,,
"8","eventually",,"UNKNOWN",,,
"9","para",,"UNKNOWN",,,
"10","weeks",,"UNKNOWN",,,
"1","relationship",,"UNKNOWN",,,
"1","field",,"UNKNOWN",,,
"21","slick",,"UNKNOWN",,,
"4","interconnect",,"UNKNOWN",,,
"1","nakakain_naman_namin_mga_huli_namin",,"agent",,,
"40","mariveles",,"UNKNOWN",,,
"6","decid",,"UNKNOWN",,,
"1","sagot",,"UNKNOWN",,,
"1","imposes",,"UNKNOWN",,,
"1","laid",,"UNKNOWN",,,
"11","confirm",,"UNKNOWN",,,
"6","gaemi",,"UNKNOWN",,,
"13","doh",,"UNKNOWN",,,
"1","afford",,"UNKNOWN",,,
"16","doj",,"UNKNOWN",,,
"1","plagu",,"UNKNOWN",,,
"7","conspiracy",,"unknown",,,
"7","undersecretary",,"UNKNOWN",,,
"3","provide",,"UNKNOWN",,,
"1","instructions",,"UNKNOWN",,,
"1","consistently",,"UNKNOWN",,,
"1","overh",,"UNKNOWN",,,
"2","multi-role",,"UNKNOWN",,,
"3","sinks",,"UNKNOWN",,,
"2","half",,"UNKNOWN",,,
"1","round",,"UNKNOWN",,,
"3","inspection",,"UNKNOWN",,,
"1","dissipation",,"UNKNOWN",,,
"7","amount",,"UNKNOWN",,,
"2","go_to",,"UNKNOWN",,,
"1","corporations",,"UNKNOWN",,,
"1","student",,"UNKNOWN",,,
"1","conservative",,"UNKNOWN",,,
"1","dti",,"UNKNOWN",,,
"1","contamination-free",,"UNKNOWN",,,
"1","combin",,"UNKNOWN",,,
"1","dark",,"UNKNOWN",,,
"1","su",,"UNKNOWN",,,
"1","disaster—the",,"UNKNOWN",,,
"3","losses",,"UNKNOWN",,,
"1","expand",,"UNKNOWN",,,
"1","indigenous",,"UNKNOWN",,,
"3","bulacans",,"UNKNOWN",,,
"2","lalo",,"UNKNOWN",,,
"1","follow",,"UNKNOWN",,,
"6","sl",,"UNKNOWN",,,
"1","sasmuan",,"UNKNOWN",,,
"1","submit",,"UNKNOWN",,,
"9","shallow",,"UNKNOWN",,,
"2","incident_management_team",,"organization",,,
"1","maintenance",,"UNKNOWN",,,
"6","carmela_reyes-estrope",,"agent",,,
"3","alternative",,"UNKNOWN",,,
"1","conglomerate",,"UNKNOWN",,,
"2","reduce",,"UNKNOWN",,,
"4","continu",,"UNKNOWN",,,
"6","senate",,"agent",,,
"4","bataan_government_joet_garcia_assur",,"agent",,,
"1","nation",,"UNKNOWN",,,
"1","sinasabi",,"UNKNOWN",,,
"4","dun",,"UNKNOWN",,,
"1","ponds",,"UNKNOWN",,,
"5","finish",,"UNKNOWN",,,
"1","frame",,"UNKNOWN",,,
"1","pondo",,"UNKNOWN",,,
"60","sa",,"UNKNOWN",,,
"1","health_care",,"UNKNOWN",,,
"1","at_the_same_time",,"UNKNOWN",,,
"2","natural",,"UNKNOWN",,,
"3","destroi",,"UNKNOWN",,,
"1","forum",,"UNKNOWN",,,
"12","acknowledge",,"UNKNOWN",,,
"1","weight",,"UNKNOWN",,,
"3","aromatic",,"UNKNOWN",,,
"10","en_route_to",,"UNKNOWN",,,
"2","trade",,"UNKNOWN",,,
"1","tinitinda",,"UNKNOWN",,,
"13","catch",,"UNKNOWN",,,
"1","oceans",,"UNKNOWN",,,
"2","signal",,"UNKNOWN",,,
"1","rf",,"UNKNOWN",,,
"2","repeat",,"UNKNOWN",,,
"2","longest",,"UNKNOWN",,,
"10","lang",,"UNKNOWN",,,
"1","consume",,"UNKNOWN",,,
"1","punsalan",,"UNKNOWN",,,
"3","clean-up",,"UNKNOWN",,,
"2","—val",,"UNKNOWN",,,
"33","reach",,"UNKNOWN",,,
"18","meters",,"UNKNOWN",,,
"1","problematic",,"UNKNOWN",,,
"2","deny",,"UNKNOWN",,,
"7","tow",,"UNKNOWN",,,
"1","dispatch",,"UNKNOWN",,,
"4","implement",,"UNKNOWN",,,
"1","foul",,"UNKNOWN",,,
"3","consult",,"UNKNOWN",,,
"2","pend",,"UNKNOWN",,,
"12","denr",,"UNKNOWN",,,
"8","oceana",,"UNKNOWN",,,
"2","top",,"UNKNOWN",,,
"5","mitigate",,"UNKNOWN",,,
"2","separate",,"UNKNOWN",,,
"11","includ",,"UNKNOWN",,,
"1","once-pristine",,"UNKNOWN",,,
"1","i-de-deliv",,"UNKNOWN",,,
"3","trace",,"UNKNOWN",,,
"1","track",,"UNKNOWN",,,
"1","siguraduhin",,"UNKNOWN",,,
"4","pang",,"UNKNOWN",,,
"1","sardines",,"UNKNOWN",,,
"14","tankers",,"UNKNOWN",,,
"1","teleradyo",,"UNKNOWN",,,
"1","dalawang",,"UNKNOWN",,,
"1","—vbl",,"UNKNOWN",,,
"5","months",,"UNKNOWN",,,
"3","siyang",,"UNKNOWN",,,
"1","inyong",,"UNKNOWN",,,
"4","degala",,"UNKNOWN",,,
"5","deliv",,"UNKNOWN",,,
"2","papunta",,"UNKNOWN",,,
"1","i-interview",,"UNKNOWN",,,
"2","improvis",,"UNKNOWN",,,
"2","mtug",,"unknown",,,
"1","shell",,"UNKNOWN",,,
"11","test",,"task",,,
"6","risks",,"UNKNOWN",,,
"1","excuse",,"UNKNOWN",,,
"117","terranova",,"UNKNOWN",,,
"1","uncontrol",,"UNKNOWN",,,
"2","rescue",,"UNKNOWN",,,
"13","governor",,"UNKNOWN",,,
"6","technical",,"UNKNOWN",,,
"4","casucian",,"agent",,,
"14","city",,"UNKNOWN",,,
"1","distinctive",,"UNKNOWN",,,
"1","dealer",,"UNKNOWN",,,
"12","spokesperson",,"UNKNOWN",,,
"6","expect",,"UNKNOWN",,,
"2","center",,"UNKNOWN",,,
"5","open",,"UNKNOWN",,,
"1","hazards",,"UNKNOWN",,,
"3","advisory",,"UNKNOWN",,,
"14","initial",,"UNKNOWN",,,
"5","devast",,"UNKNOWN",,,
"3","sabihin",,"UNKNOWN",,,
"1","bonz_dolor",,"agent",,,
"1","richie_david",,"agent",,,
"1","form",,"UNKNOWN",,,
"1","clarifi",,"UNKNOWN",,,
"1","pahs",,"UNKNOWN",,,
"1","lalawigan",,"UNKNOWN",,,
"1","alert",,"UNKNOWN",,,
"1","art",,"UNKNOWN",,,
"5","prepare",,"UNKNOWN",,,
"1","subingsub",,"UNKNOWN",,,
"3","largest",,"UNKNOWN",,,
"1","flows",,"UNKNOWN",,,
"4","cite",,"UNKNOWN",,,
"30","mga",,"UNKNOWN",,,
"1","present",,"UNKNOWN",,,
"2","record",,"UNKNOWN",,,
"1","pumapakyaw",,"UNKNOWN",,,
"2","plug",,"UNKNOWN",,,
"1","brevity",,"UNKNOWN",,,
"6","intentional",,"unknown",,,
"2","reserve",,"UNKNOWN",,,
"10","ask",,"UNKNOWN",,,
"1","harder",,"UNKNOWN",,,
"3","pdrrmc",,"UNKNOWN",,,
"3","smell",,"UNKNOWN",,,
"1","dala",,"UNKNOWN",,,
"1","tomorrow",,"UNKNOWN",,,
"2","additionally",,"UNKNOWN",,,
"58","ship",,"UNKNOWN",,,
"2","launch",,"UNKNOWN",,,
"1","pain",,"UNKNOWN",,,
"1","tatlong",,"UNKNOWN",,,
"1","escalate",,"UNKNOWN",,,
"4","contact",,"UNKNOWN",,,
"10","issu",,"UNKNOWN",,,
"2","costs",,"UNKNOWN",,,
"1","mode",,"UNKNOWN",,,
"2","private",,"UNKNOWN",,,
"1","version",,"UNKNOWN",,,
"1","work_on",,"UNKNOWN",,,
"1","partnerships",,"UNKNOWN",,,
"3","paid",,"UNKNOWN",,,
"1","southern",,"UNKNOWN",,,
"1","nananaig",,"UNKNOWN",,,
"11","command",,"UNKNOWN",,,
"9","natural_resources",,"agent",,,
"1","mtrk",,"UNKNOWN",,,
"3","campaign",,"UNKNOWN",,,
"2","pdrrmo",,"UNKNOWN",,,
"2","forc",,"UNKNOWN",,,
"1","nagpapaihi",,"UNKNOWN",,,
"1","reiter",,"UNKNOWN",,,
"18","aground",,"UNKNOWN",,,
"1","fisherfolks",,"UNKNOWN",,,
"1","speaker",,"UNKNOWN",,,
"5","mayor",,"UNKNOWN",,,
"1","struggl",,"UNKNOWN",,,
"1","speak",,"UNKNOWN",,,
"1","christmas",,"UNKNOWN",,,
"1","nazario",,"unknown",,,
"4","mix",,"UNKNOWN",,,
"28","point",,"UNKNOWN",,,
"1","p394",,"UNKNOWN",,,
"13","princess",,"UNKNOWN",,,
"1","attach",,"UNKNOWN",,,
"1","shipping-rel",,"UNKNOWN",,,
"8","antonio_recount",,"agent",,,
"1","kriminal",,"UNKNOWN",,,
"1","mapagkukunan",,"UNKNOWN",,,
"1","bfars",,"UNKNOWN",,,
"12","agree_to",,"UNKNOWN",,,
"2","mamamalakaya",,"UNKNOWN",,,
"1","work_in",,"UNKNOWN",,,
"3","foot",,"UNKNOWN",,,
"3","kill",,"UNKNOWN",,,
"3","show",,"UNKNOWN",,,
"1","natalie",,"UNKNOWN",,,
"25","command_michael_john_encina",,"agent",,,
"24","impact",,"UNKNOWN",,,
"1","cannon",,"UNKNOWN",,,
"1","up_marine_science_institute",,"organization",,,
"1","pertains",,"UNKNOWN",,,
"1","puts",,"UNKNOWN",,,
"1","martin",,"agent",,,
"1","pets",,"UNKNOWN",,,
"3","tugboats",,"UNKNOWN",,,
"1","fishes",,"UNKNOWN",,,
"2","combat",,"UNKNOWN",,,
"6","power",,"UNKNOWN",,,
"1","contaminate",,"UNKNOWN",,,
"8","reduction",,"UNKNOWN",,,
"3","proper",,"UNKNOWN",,,
"1","kaugnay",,"UNKNOWN",,,
"1","tsaka",,"UNKNOWN",,,
"1","spiller",,"UNKNOWN",,,
"1","pandacan",,"UNKNOWN",,,
"1","publicly-list",,"UNKNOWN",,,
"1","pagkakakitaan",,"UNKNOWN",,,
"1","researchers",,"UNKNOWN",,,
"13","navotas",,"UNKNOWN",,,
"2","manufactur",,"UNKNOWN",,,
"18","leaks",,"UNKNOWN",,,
"1","technically",,"UNKNOWN",,,
"13","rough",,"UNKNOWN",,,
"1","know_how",,"UNKNOWN",,,
"2","apektadong",,"UNKNOWN",,,
"2","nilang",,"UNKNOWN",,,
"5","market",,"UNKNOWN",,,
"1","updat",,"UNKNOWN",,,
"2","kilo",,"UNKNOWN",,,
"14","food",,"UNKNOWN",,,
"1","gmanews",,"UNKNOWN",,,
"4","contain",,"UNKNOWN",,,
"1","oil_spill_incident_management_team",,"organization",,,
"1","agencys",,"UNKNOWN",,,
"2","stricter",,"UNKNOWN",,,
"1","engage_in",,"UNKNOWN",,,
"1","meteorological",,"UNKNOWN",,,
"1","tuluyan",,"UNKNOWN",,,
"1","specific",,"UNKNOWN",,,
"5","direction",,"UNKNOWN",,,
"1","balisangan",,"UNKNOWN",,,
"1","schedul",,"UNKNOWN",,,
"1","undertake",,"UNKNOWN",,,
"6","ecosystems",,"UNKNOWN",,,
"1","escal",,"UNKNOWN",,,
"2","push",,"UNKNOWN",,,
"2","din",,"UNKNOWN",,,
"1","share",,"UNKNOWN",,,
"1","accidents",,"UNKNOWN",,,
"4","sacks",,"UNKNOWN",,,
"9","order",,"UNKNOWN",,,
"4","ingest",,"UNKNOWN",,,
"1","pads",,"UNKNOWN",,,
"1","attempts",,"UNKNOWN",,,
"32","ships",,"UNKNOWN",,,
"3","operators",,"UNKNOWN",,,
"1","reliant",,"UNKNOWN",,,
"1","forms",,"UNKNOWN",,,
"2","pasig",,"UNKNOWN",,,
"1","environmentally",,"UNKNOWN",,,
"14","natin",,"UNKNOWN",,,
"15","based_on",,"UNKNOWN",,,
"1","urgent",,"UNKNOWN",,,
"12","livelihoods",,"UNKNOWN",,,
"1","concentrations",,"UNKNOWN",,,
"1","analyz",,"UNKNOWN",,,
"1","women",,"UNKNOWN",,,
"2","nearest",,"UNKNOWN",,,
"2","conclusions",,"UNKNOWN",,,
"8","governments",,"UNKNOWN",,,
"1","fortunes",,"UNKNOWN",,,
"4","massive",,"UNKNOWN",,,
"1","kinakonsolidate",,"UNKNOWN",,,
"3","petron",,"UNKNOWN",,,
"3","term",,"UNKNOWN",,,
"1","geophysical",,"UNKNOWN",,,
"1","ka-secure",,"UNKNOWN",,,
"5","negative",,"UNKNOWN",,,
"1","disappear",,"UNKNOWN",,,
"9","occur",,"UNKNOWN",,,
